Long,Lat,F,距离尺度,调查次序
116.38,40.22,0,B,2
116.38,40.22,100,B,1
116.38,40.22,0,B,2
116.38,40.22,0,B,1
116.38,40.22,100,B,1
116.38,41.12,0,B,2
116.38,41.12,0,A,1
116.38,41.12,0,A,2
116.38,41.12,0,B,1
116.38,41.12,0,A,2
116.38,41.12,0,A,1
117.57,40.12,0,A,1
117.57,40.12,0,A,2
117.57,40.12,0,B,2
117.57,40.12,0,A,2
117.57,40.12,0,B,2
117.57,40.12,0,A,1
117.57,40.12,0,A,2
117.57,40.12,0,B,1
117.57,40.12,0,A,1
117.57,40.12,0,A,2
117.57,40.12,0,A,1
117.57,40.12,0,A,2
117.57,40.12,0,A,1
117.57,40.12,0,A,2
117.57,40.12,0,B,1
117.57,40.12,0,A,2
117.57,40.12,0,A,1
117.57,40.12,0,B,1
117.57,40.12,0,A,1
117.57,40.12,0,A,1
117.57,40.12,0,A,1
117.57,40.12,0,B,1
117.57,40.12,0,A,2
117.57,40.12,0,A,1
117.57,40.12,0,B,2
117.57,40.12,0,A,2
114.11,38.51,0,A,2
114.11,38.51,0,B,1
114.11,38.51,0,A,2
114.11,38.51,0,C,1
114.11,38.51,0,A,2
114.11,38.51,0,B,1
114.11,38.51,0,A,2
114.11,38.51,0,B,2
114.11,38.51,0,B,1
114.11,38.51,0,A,1
114.11,38.51,0,C,1
114.11,38.51,0,B,1
114.11,38.51,0,B,2
114.11,38.51,0,C,1
114.11,38.51,0,C,2
114.11,38.51,0,B,2
114.23,38.18,0,B,1
114.23,38.18,0,A,2
114.23,38.18,0,B,1
114.23,38.18,0,B,1
114.23,38.18,0,B,2
114.34,38.09,100,A,2
114.34,38.09,100,A,1
115.13,40.23,0,A,2
115.13,40.23,0,A,1
115.13,40.23,0,A,1
115.13,40.23,0,A,2
115.13,40.23,0,A,2
115.13,40.23,10,A,2
115.13,40.23,0,A,1
115.13,40.23,0,A,1
115.13,40.23,0,A,2
115.13,40.23,0,B,2
115.13,40.23,0,B,1
115.13,40.23,0,A,2
115.13,40.23,0,B,1
115.13,40.23,0,B,1
115.13,40.23,0,A,1
117.32,43.15,0,C,2
117.32,43.15,0,B,1
117.32,43.15,0,A,1
117.32,43.15,0,C,1
117.32,43.15,0,B,2
117.32,43.15,0,A,1
117.32,43.15,0,B,2
117.32,43.15,0,B,1
117.32,43.15,0,B,2
117.32,43.15,0,B,2
115.4,41.4,0,A,2
115.4,41.4,0,A,1
115.4,41.4,0,B,2
115.4,41.4,0,C,1
115.4,41.4,0,A,1
115.4,41.4,0,C,2
115.4,41.4,0,A,2
115.4,41.4,0,A,1
115.4,41.4,0,A,2
115.4,41.4,85,A,1
115.4,41.4,0,A,2
116.06,39.01,0,A,1
116.06,39.01,0,A,2
116.06,39.01,0,A,1
116.06,39.01,0,A,2
116.06,39.01,0,A,1
116.06,39.01,0,A,2
116.06,39.01,0,A,1
116.06,39.01,0,A,1
116.06,39.01,35,A,1
116.06,39.01,0,A,1
116.06,39.01,0,C,1
116.06,39.01,0,B,1
116.06,39.01,0,B,1
116.06,39.01,0,A,1
116.06,39.01,10,A,1
116.06,39.01,0,C,2
116.06,39.01,0,C,1
116.06,39.01,0,C,2
116.06,39.01,0,A,1
116.06,39.01,0,B,2
116.06,39.01,10,C,2
116.06,39.01,0,A,1
116.06,39.01,0,A,2
116.06,39.01,0,A,1
116.06,39.01,0,A,2
116.06,39.01,0,A,1
116.06,39.01,10,A,1
115.49,39.04,0,A,1
115.49,39.04,0,B,1
115.49,39.04,0,A,2
117.2,40.56,0,A,1
117.2,40.56,0,A,2
117.2,40.56,0,C,1
119.31,39.51,0,B,1
119.31,39.51,0,A,2
119.31,39.51,0,B,1
119.31,39.51,0,C,2
119.31,39.51,0,A,1
119.31,39.51,0,A,1
119.31,39.51,0,A,1
119.31,39.51,0,C,2
119.31,39.51,0,B,2
119.31,39.51,0,C,1
119.31,39.51,0,A,1
119.31,39.51,0,A,1
111.48,38.05,0,A,1
111.48,38.05,0,A,2
111.48,38.05,0,A,1
111.48,38.05,0,A,2
111.48,38.05,0,A,1
111.48,38.05,0,A,2
111.48,38.05,0,B,2
111.48,38.05,0,A,2
111.48,38.05,0,A,1
111.48,38.05,0,A,2
111.48,38.05,0,B,2
111.48,38.05,0,A,1
111.48,38.05,0,B,1
111.48,38.05,0,A,2
111.48,38.05,0,A,1
111.48,38.05,0,A,1
111.48,38.05,0,B,2
112.1,37.55,0,A,1
112.1,37.55,0,A,2
112.1,37.55,0,B,1
112.1,37.55,0,A,2
112.18,39,0,A,1
112.18,39,0,B,2
112.18,39,0,A,2
112.18,39,0,B,1
112.18,39,0,A,2
112.18,39,0,A,1
112.18,39,0,A,2
112.18,39,0,A,1
112.18,39,0,A,2
112.18,39,0,A,1
112.18,39,0,B,2
112.18,39,0,B,1
112.18,39,0,B,1
112.18,39,0,B,2
112.18,39,0,A,2
112.18,39,0,A,1
112.18,39,0,B,1
112.18,39,0,B,1
111.06,36.24,0,A,2
111.06,36.24,0,A,1
111.06,36.24,0,A,2
111.06,36.24,0,A,1
111.06,36.24,0,C,2
111.06,36.24,0,A,1
111.06,36.24,0,C,2
111.06,36.24,0,B,1
111.06,36.24,0,A,1
112.52,36.06,0,B,1
112.52,36.06,0,A,2
112.52,36.06,0,A,1
112.52,36.06,0,A,2
112.52,36.06,0,A,1
112.52,36.06,0,A,2
112.52,36.06,0,C,1
112.52,36.06,0,A,1
112.52,36.06,0,C,2
111.12,35.2,0,A,2
111.12,35.2,0,B,1
111.12,35.2,0,A,1
111.12,35.2,0,A,1
111.12,35.2,0,C,2
111.12,35.2,0,A,1
112.41,36.46,0,A,1
112.41,36.46,0,B,2
112.41,36.46,0,A,1
112.41,36.46,0,A,1
112.41,36.46,0,B,2
112.41,36.46,0,A,1
112.41,36.46,95,A,2
112.41,36.46,0,A,2
112.41,36.46,0,A,1
112.41,36.46,0,B,2
112.41,36.46,0,A,1
112.41,36.46,0,A,2
112.41,36.46,0,A,2
116.07,43.57,0,A,1
116.07,43.57,0,C,1
116.07,43.57,0,A,1
116.07,43.57,0,A,1
116.07,43.57,0,B,1
116.07,43.57,0,C,2
116.07,43.57,0,B,1
116.07,43.57,0,C,2
106.21,39.02,0,B,1
106.21,39.02,0,A,2
106.21,39.02,0,A,1
106.21,39.02,0,A,1
106.21,39.02,0,A,2
106.21,39.02,0,A,1
106.21,39.02,0,A,1
106.21,39.02,0,A,2
106.21,39.02,0,A,2
119.26,49.19,0,A,2
119.26,49.19,0,A,2
121.31,50.47,0,A,1
121.31,50.47,0,A,2
121.31,50.47,0,A,2
121.31,50.47,0,A,1
121.31,50.47,0,A,2
120.11,50.15,0,A,2
120.11,50.15,0,C,1
120.11,50.15,0,A,2
120.11,50.15,0,A,2
120.11,50.15,0,A,2
120.11,50.15,0,B,1
109.59,39.5,0,B,2
109.59,39.5,0,C,1
109.59,39.5,0,B,2
109.59,39.5,0,C,1
109.59,39.5,0,C,1
109.59,39.5,0,B,1
109.59,39.5,0,B,2
109.59,39.5,0,C,1
109.59,39.5,0,C,2
109.59,39.5,0,C,1
109.59,39.5,0,C,2
109.59,39.5,0,C,2
109.59,39.5,0,C,1
109.59,39.5,0,C,2
125.03,41.44,0,B,1
125.03,41.44,0,B,1
125.03,41.44,0,B,1
125.03,41.44,0,A,1
125.03,41.44,0,A,2
125.03,41.44,0,B,1
125.03,41.44,0,A,2
125.03,41.44,0,A,1
125.03,41.44,0,A,2
125.03,41.44,0,B,2
125.03,41.44,0,A,1
125.03,41.44,0,A,2
125.03,41.44,40,A,2
125.03,41.44,0,B,1
125.03,41.44,25,A,2
125.03,41.44,30,A,2
125.03,41.44,0,A,2
125.03,41.44,0,A,1
125.03,41.44,0,A,2
125.03,41.44,0,A,1
120.47,41.49,0,A,1
120.47,41.49,15,B,1
120.47,41.49,0,A,2
120.47,41.49,20,A,2
120.47,41.49,10,B,1
120.47,41.49,0,A,2
120.47,41.49,10,A,1
120.47,41.49,0,A,2
119.21,41.14,10,A,1
119.21,41.14,0,A,1
119.21,41.14,0,A,1
119.21,41.14,0,C,1
119.21,41.14,0,A,1
119.21,41.14,0,A,2
119.21,41.14,10,A,1
119.21,41.14,0,A,1
119.21,41.14,10,A,2
119.21,41.14,0,A,1
119.21,41.14,5,A,2
119.21,41.14,0,B,1
119.21,41.14,0,A,2
119.21,41.14,0,A,2
119.21,41.14,10,A,1
119.21,41.14,10,A,2
119.21,41.14,0,A,1
119.21,41.14,0,A,2
119.21,41.14,0,B,2
119.21,41.14,0,A,2
128.12,43.22,0,B,1
128.12,43.22,0,A,2
128.12,43.22,0,A,2
128.12,43.22,0,A,1
128.12,43.22,0,B,2
128.12,43.22,0,A,1
128.12,43.22,0,B,2
128.12,43.22,0,B,1
127.2,43.42,0,A,2
127.2,43.42,0,A,1
127.2,43.42,0,A,2
127.2,43.42,0,A,1
127.2,43.42,0,A,1
127.2,43.42,0,B,2
127.2,43.42,0,C,1
127.2,43.42,0,A,2
126.45,42.59,0,A,1
126.45,42.59,0,A,2
126.45,42.59,0,A,2
126.45,42.59,0,A,1
126.45,42.59,0,A,1
126.45,42.59,0,A,2
126.45,42.59,0,A,2
126.45,42.59,0,A,1
126.48,42.24,0,A,2
126.48,42.24,0,A,2
126.48,42.24,0,A,1
126.48,42.24,0,A,2
126.48,42.24,0,A,1
126.48,42.24,0,A,1
126.48,42.24,0,A,2
126.48,42.24,0,A,2
126.48,42.24,0,A,1
126.48,42.24,0,A,1
126.48,42.24,0,A,1
126.48,42.24,0,A,2
126.32,43.52,0,B,2
126.32,43.52,0,A,1
126.32,43.52,0,A,2
126.32,43.52,0,A,1
126.32,43.52,0,A,2
126.32,43.52,0,A,1
126.32,43.52,0,A,2
126.32,43.52,0,A,2
126.32,43.52,0,A,1
126.32,43.52,0,A,1
126.32,43.52,0,A,1
126.32,43.52,0,A,1
126.32,43.52,0,B,2
126.32,43.52,0,A,1
126.32,43.52,0,B,2
126.32,43.52,0,A,1
126.32,43.52,0,A,2
126.32,43.52,0,A,1
126.32,43.52,0,A,2
128.07,42.25,0,A,1
128.07,42.25,0,A,2
128.07,42.25,0,B,1
128.07,42.25,0,A,2
128.07,42.25,0,A,1
128.07,42.25,0,B,2
128.07,42.25,0,A,2
128.07,42.25,0,A,2
128.07,42.25,0,B,1
128.07,42.25,0,A,2
128.07,42.25,0,B,1
128.07,42.25,0,B,2
128.07,42.25,0,A,2
128.07,42.25,0,B,1
128.07,42.25,0,A,2
128.07,42.25,0,B,1
128.07,42.25,0,A,2
127.58,45.13,0,A,1
127.58,45.13,0,A,1
127.58,45.13,0,A,2
127.58,45.13,0,A,1
127.58,45.13,0,B,1
127.58,45.13,0,B,2
127.58,45.13,0,A,1
127.58,45.13,0,A,1
127.58,45.13,0,A,2
127.58,45.13,0,A,2
127.58,45.13,0,A,2
127.58,45.13,0,C,1
127.58,45.13,0,B,2
127.58,45.13,0,B,1
127.58,45.13,0,A,1
127.58,45.13,0,A,2
127.58,45.13,0,A,1
127.58,45.13,0,B,2
127.58,45.13,0,A,2
127.58,45.13,0,B,2
123.34,52.02,0,A,1
123.34,52.02,0,A,1
123.34,52.02,40,A,2
123.34,52.02,0,B,2
123.34,52.02,0,A,1
123.34,52.02,0,B,1
123.34,52.02,0,A,1
122.31,52.58,0,A,2
122.31,52.58,0,A,1
122.31,52.58,0,A,1
122.31,52.58,0,A,2
122.31,52.58,0,A,2
122.31,52.58,0,A,1
121.47,31.03,0,A,1
121.47,31.03,0,A,1
121.47,31.03,0,A,2
121.47,31.03,0,A,1
121.47,31.03,0,A,1
121.47,31.03,0,A,1
121.47,31.03,0,B,2
121.47,31.03,0,A,1
121.47,31.03,0,B,2
121.39,31.47,0,B,1
121.39,31.47,50,A,1
121.39,31.47,0,A,2
121.39,31.47,0,B,1
121.39,31.47,0,A,1
121.39,31.47,0,A,1
121.39,31.47,0,A,1
121.39,31.47,0,A,1
121.39,31.47,0,A,1
121.39,31.47,50,A,1
121.39,31.47,0,A,2
121.39,31.47,0,C,1
121.39,31.47,0,C,1
121.39,31.47,0,A,2
121.39,31.47,0,A,2
121.39,31.47,0,C,1
121.39,31.47,0,C,2
121.39,31.47,0,A,1
121.39,31.47,0,A,1
121.39,31.47,0,B,2
121.39,31.47,0,A,2
121.39,31.47,0,C,1
121.39,31.47,0,A,2
121.39,31.47,50,A,2
121.36,32.04,0,C,1
121.36,32.04,0,B,2
121.36,32.04,0,C,1
121.36,32.04,0,A,1
121.12,31.55,0,A,1
121.12,31.55,0,B,1
121.12,31.55,0,A,2
121.14,31.02,0,C,1
121.14,31.02,0,A,2
121.14,31.02,0,A,1
121.14,31.02,0,A,1
121.14,31.02,0,A,1
121.14,31.02,0,B,2
119.1,32.18,0,A,2
119.1,32.18,0,A,1
119.1,32.18,0,A,1
119.1,32.18,0,A,1
119.1,32.18,0,B,1
119.1,32.18,0,A,2
119.1,32.18,0,A,1
119.1,32.18,0,B,2
119.1,32.18,0,A,1
119.1,32.18,0,A,1
119.1,32.18,0,A,2
119.1,32.18,0,A,2
119.1,32.18,0,A,2
119.1,32.18,0,B,1
119.1,32.18,0,A,2
119.1,32.18,0,A,1
118.51,32.22,0,A,2
118.51,32.22,0,A,1
118.51,32.22,0,A,1
118.51,32.22,0,A,1
118.51,32.22,0,A,1
118.51,32.22,0,A,2
118.51,32.22,0,B,1
118.51,32.22,0,A,1
118.51,32.22,0,B,1
118.51,32.22,0,B,2
119.26,34.47,0,A,1
119.26,34.47,0,A,1
119.26,34.47,0,A,1
119.26,34.47,0,A,2
119.26,34.47,0,A,1
119.26,34.47,0,A,2
119.26,34.47,0,A,2
120.29,33.12,0,C,2
120.29,33.12,0,A,1
120.29,33.12,0,B,1
120.29,33.12,0,B,2
120.29,33.12,0,A,2
120.29,33.12,0,A,1
120.29,33.12,0,B,2
120.29,33.12,0,B,1
120.29,33.12,0,B,1
120.29,33.12,0,A,1
120.29,33.12,0,A,1
120.29,33.12,0,C,1
120.29,33.12,0,B,1
120.29,33.12,0,C,2
120.29,33.12,0,A,1
120.29,33.12,0,C,2
120.29,33.12,0,C,1
120.29,33.12,0,C,1
120.29,33.12,0,C,1
120.29,33.12,0,C,2
120.29,33.12,0,B,2
120.29,33.12,0,C,2
120.29,33.12,0,C,2
120.29,33.12,0,C,2
119.12,31.58,25,A,2
119.12,31.58,0,A,1
119.12,31.58,0,A,1
119.12,31.58,0,A,1
119.12,31.58,0,A,1
119.12,31.58,0,A,2
119.12,31.58,0,A,1
119.12,31.58,0,B,1
119.12,31.58,0,A,2
119.36,31.59,8,A,1
119.36,31.59,0,A,2
119.36,31.59,0,A,1
119.36,31.59,0,A,1
119.36,31.59,0,A,2
119.36,31.59,8,A,1
119.36,31.59,0,A,1
119.36,31.59,0,A,1
119.36,31.59,0,A,1
119.36,31.59,0,A,1
119.36,31.59,0,A,1
119.36,31.59,0,A,2
119.36,31.59,0,A,1
119.36,31.59,0,A,2
119.36,31.59,0,A,2
118.59,30.37,0,A,2
118.59,30.37,10,A,1
118.59,30.37,13,A,2
118.59,30.37,0,A,1
118.59,30.37,0,A,2
118.59,30.37,0,A,1
118.59,30.37,0,B,2
118.59,30.37,0,B,2
118.59,30.37,0,A,1
118.59,30.37,0,A,2
118.59,30.37,0,A,2
118.59,30.37,0,C,2
118.59,30.37,0,B,2
118.59,30.37,0,A,1
118.59,30.37,0,A,1
118.59,30.37,0,A,1
118.59,30.37,0,A,1
118.59,30.37,0,A,1
118.59,30.37,0,B,2
118.59,30.37,0,A,1
118.59,30.37,0,A,2
118.59,30.37,0,A,1
118.59,30.37,0,B,2
118.59,30.37,0,A,1
118.59,30.37,0,A,2
118.59,30.37,0,B,1
118.59,30.37,0,A,2
118.59,30.37,0,B,2
118.59,30.37,0,A,1
118.59,30.37,0,B,2
118.59,30.37,0,A,1
118.59,30.37,0,B,1
118.59,30.37,0,B,2
118.59,30.37,0,B,1
118.59,30.37,0,A,1
118.17,29.43,0,A,2
118.17,29.43,0,A,2
118.17,29.43,0,A,1
118.17,29.43,0,A,1
118.17,29.43,0,A,1
118.17,29.43,5,A,2
118.17,29.43,5,B,2
118.17,29.43,6,B,2
118.17,29.43,0,C,1
118.17,29.43,0,A,1
118.17,29.43,0,A,1
118.17,29.43,0,A,2
118.17,29.43,0,A,1
118.17,29.43,0,C,2
118.17,29.43,0,B,2
118.17,29.43,0,B,2
120.1,30.14,0,A,1
120.1,30.14,0,A,1
120.1,30.14,0,A,1
120.1,30.14,0,C,1
120.1,30.14,0,A,1
120.1,30.14,0,B,1
120.1,30.14,0,A,1
120.1,30.14,0,B,1
120.1,30.14,0,A,2
120.1,30.14,0,B,2
120.1,30.14,0,A,2
120.1,30.14,0,A,2
119.17,28.36,30,A,2
119.17,28.36,0,C,1
119.17,28.36,0,A,2
119.17,28.36,0,B,1
119.17,28.36,0,A,2
119.17,28.36,0,B,2
119.17,28.36,0,B,1
119.17,28.36,0,B,1
119.17,28.36,0,A,1
119.17,28.36,30,A,1
119.17,28.36,0,B,1
119.17,28.36,0,C,2
119.17,28.36,0,C,2
119.17,28.36,0,A,2
119.17,28.36,0,A,1
119.17,28.36,0,C,2
119.17,28.36,0,A,1
119.17,28.36,0,B,1
119.17,28.36,0,A,2
119.17,28.36,0,C,1
120.43,28.52,0,A,1
120.43,28.52,0,A,2
120.43,28.52,10,B,1
120.43,28.52,0,A,2
120.43,28.52,0,A,2
120.43,28.52,0,A,1
120.43,28.52,10,A,1
120.43,28.52,0,B,2
120.43,28.52,0,B,1
120.43,28.52,0,A,2
120.43,28.52,0,A,1
120.43,28.52,0,A,2
120.43,28.52,0,A,2
120.43,28.52,0,A,2
120.43,28.52,0,C,2
120.59,29.1,0,C,1
120.59,29.1,0,A,2
120.59,29.1,0,C,1
120.59,29.1,0,A,1
120.59,29.1,0,A,2
120.59,29.1,0,A,1
120.59,29.1,0,A,1
120.59,29.1,0,B,1
120.59,29.1,0,B,2
120.59,29.1,0,A,1
120.59,29.1,0,A,2
120.59,29.1,0,C,2
116.45,33.56,70,A,1
116.45,33.56,0,A,2
116.45,33.56,0,A,1
116.45,33.56,0,A,1
116.45,33.56,0,B,2
116.45,33.56,0,A,1
116.45,33.56,0,B,2
116.45,33.56,55,A,2
117.28,31.53,0,A,2
117.28,31.53,0,A,1
117.28,31.53,0,A,1
117.28,31.53,0,A,1
117.28,31.53,0,A,1
117.28,31.53,0,A,2
117.28,31.53,0,B,2
117.28,31.53,0,B,1
117.28,31.53,0,B,2
117.28,31.53,0,B,2
117.28,31.53,0,A,2
117.4,32.32,61,A,1
117.4,32.32,0,B,1
117.4,32.32,0,A,2
117.4,32.32,45,A,2
116.19,31.24,23,A,1
116.19,31.24,0,B,2
116.19,31.24,0,B,1
116.19,31.24,45,A,2
116.19,31.24,0,A,1
116.19,31.24,0,A,2
116.19,31.24,0,B,1
116.19,31.24,0,A,2
116.19,31.24,0,A,1
116.19,31.24,0,A,2
116.19,31.24,0,A,1
116.19,31.24,0,A,2
116.19,31.24,0,A,1
116.19,31.24,0,B,2
116.19,31.24,21,A,1
116.19,31.24,21,A,2
116.19,31.24,5,A,2
116.19,31.24,0,A,1
116.19,31.24,0,A,1
116.19,31.24,30,A,1
116.19,31.24,15,A,1
116.19,31.24,0,B,1
116.19,31.24,15,A,2
116.19,31.24,0,A,2
116.19,31.24,0,A,2
116.19,31.24,15,A,2
116.19,31.24,0,A,1
116.19,31.24,0,B,2
116.19,31.24,0,B,1
116.19,31.24,0,B,1
116.19,31.24,0,B,2
116.19,31.24,0,A,1
116.19,31.24,0,B,2
116.19,31.24,0,B,1
116.19,31.24,0,A,2
116.19,31.24,0,A,2
118.09,30.08,20,A,1
118.09,30.08,0,A,2
118.09,30.08,0,A,1
118.09,30.08,0,A,1
118.09,30.08,0,A,2
118.09,30.08,97,B,1
118.09,30.08,0,A,2
118.09,30.08,0,A,1
118.09,30.08,97,A,1
118.09,30.08,0,A,2
118.09,30.08,0,A,1
118.09,30.08,0,A,2
117.51,30.59,0,A,1
117.51,30.59,0,B,2
117.51,30.59,25,A,1
117.51,30.59,25,B,2
117.51,30.59,15,B,1
117.51,30.59,15,A,1
117.51,30.59,0,A,2
117.51,30.59,30,A,1
117.51,30.59,30,A,2
117.51,30.59,20,A,1
117.51,30.59,0,A,1
117.51,30.59,0,A,1
117.51,30.59,0,A,1
117.51,30.59,0,A,1
117.51,30.59,0,A,1
117.51,30.59,35,A,2
117.51,30.59,0,B,2
117.51,30.59,0,B,1
118.54,31.56,85,A,1
118.54,31.56,0,A,2
118.54,31.56,75,A,1
118.54,31.56,75,A,2
118.54,31.56,30,B,1
118.54,31.56,30,B,2
118.54,31.56,5,A,1
118.54,31.56,0,A,1
118.54,31.56,20,A,2
118.54,31.56,0,A,2
118.54,31.56,50,A,1
118.54,31.56,0,A,2
118.54,31.56,0,A,2
118.54,31.56,85,A,1
118.54,31.56,75,A,1
118.54,31.56,0,A,1
118.54,31.56,0,A,1
118.54,31.56,0,A,1
118.54,31.56,20,A,1
118.54,31.56,0,A,1
118.54,31.56,50,A,1
118.54,31.56,0,A,1
118.54,31.56,0,A,1
118.54,31.56,0,A,2
118.54,31.56,0,A,1
118.54,31.56,0,C,1
118.54,31.56,5,A,2
118.15,32.21,0,A,1
118.15,32.21,0,A,2
118.15,32.21,0,A,1
118.15,32.21,0,A,2
118.15,32.21,0,A,1
118.15,32.21,0,A,2
118.15,32.21,0,B,1
118.15,32.21,0,B,2
118.15,32.21,0,A,1
118.15,32.21,0,A,1
118.15,32.21,0,B,2
118.15,32.21,5,A,2
118.15,32.21,0,A,1
118.15,32.21,4,A,1
118.15,32.21,0,B,1
118.15,32.21,0,A,2
118.15,32.21,0,A,2
118.15,32.21,0,A,2
118.15,32.21,5,A,2
118.15,32.21,0,A,1
118.15,32.21,0,B,2
118.15,32.21,0,B,1
118.15,32.21,0,C,1
118.15,32.21,0,B,1
118.15,32.21,0,A,2
118.15,32.21,0,A,2
118.15,32.21,0,A,1
118.15,32.21,0,B,1
118.15,32.21,0,B,1
117.32,25.01,0,B,2
117.32,25.01,0,B,2
117.32,25.01,0,A,1
117.32,25.01,0,B,1
117.32,25.01,0,B,1
117.32,25.01,0,B,2
117.32,25.01,0,B,1
117.32,25.01,0,A,2
117.32,25.01,0,B,1
117.32,25.01,0,B,2
117.32,25.01,0,B,1
117.32,25.01,0,B,1
117.32,25.01,0,B,2
119.33,26.12,0,B,1
119.33,26.12,0,A,2
119.33,26.12,0,A,1
119.33,26.12,0,B,1
119.33,26.12,0,A,1
119.33,26.12,0,A,2
119.33,26.12,0,A,1
119.33,26.12,0,A,1
119.33,26.12,0,A,2
117.28,27.2,0,A,1
117.28,27.2,0,B,1
117.28,27.2,0,B,2
117.28,27.2,0,A,1
117.28,27.2,0,A,2
117.28,27.2,0,A,2
118.56,25.52,10,A,2
118.56,25.52,0,A,1
118.56,25.52,0,A,1
118.56,25.52,0,B,1
118.56,25.52,0,A,1
118.56,25.52,0,A,2
118.56,25.52,0,A,2
118.06,25.43,10,A,1
118.06,25.43,70,A,1
118.06,25.43,0,C,1
118.06,25.43,0,A,1
118.06,25.43,0,B,1
118.06,25.43,0,B,1
118.06,25.43,0,B,1
118.06,25.43,0,B,2
118.06,25.43,0,B,1
118.06,25.43,0,C,2
118.06,25.43,0,A,2
118.06,25.43,0,B,2
118.06,25.43,0,A,1
118.06,25.43,0,C,2
118.06,25.43,70,A,1
118.06,25.43,70,A,2
118.09,25.04,0,A,1
118.09,25.04,0,C,1
118.09,25.04,0,A,1
118.09,25.04,0,C,1
118.09,25.04,0,B,2
118.09,25.04,0,A,2
118.09,24.44,95,A,2
118.09,24.44,0,B,1
118.09,24.44,0,C,2
118.09,24.44,95,B,1
118.09,24.44,0,A,1
118.09,24.44,0,A,1
118.09,24.44,0,A,1
118.09,24.44,0,A,1
118.09,24.44,0,A,2
118.09,24.44,0,B,1
118.09,24.44,95,A,1
118.09,24.44,0,A,1
118.09,24.44,0,A,1
118.09,24.44,0,A,1
118.09,24.44,0,B,2
118.09,24.44,0,A,2
118.09,24.44,0,B,2
118.09,24.44,0,B,2
118.22,24.58,0,A,1
118.22,24.58,0,A,1
118.22,24.58,0,B,1
118.22,24.58,0,B,1
118.22,24.58,0,C,2
118.22,24.58,0,B,2
114.15,26.56,0,B,1
114.15,26.56,0,A,2
114.15,26.56,15,A,1
114.15,26.56,0,B,2
114.15,26.56,0,A,1
114.15,26.56,5,A,2
114.15,26.56,0,A,1
114.15,26.56,0,A,2
114.15,26.56,0,A,2
114.15,26.56,0,A,1
114.15,26.56,0,B,2
114.15,26.56,0,A,1
114.15,26.56,0,A,2
114.15,26.56,0,A,2
114.15,26.56,0,A,2
114.15,26.56,0,B,1
114.15,26.56,0,A,2
114.15,26.56,0,B,1
114.15,26.56,0,B,1
114.15,26.56,0,C,1
117.51,29.16,80,A,1
117.51,29.16,0,B,1
117.51,29.16,0,A,1
117.51,29.16,0,A,2
117.51,29.16,0,A,2
117.51,29.16,0,C,1
117.51,29.16,0,A,1
117.51,29.16,0,C,1
117.51,29.16,0,C,1
117.51,29.16,0,B,1
117.51,29.16,0,A,2
117.51,29.16,80,A,2
117.51,29.16,20,C,2
117.51,29.16,0,A,1
117.51,29.16,0,C,1
117.51,29.16,0,B,2
117.51,29.16,0,C,1
117.51,29.16,0,A,2
117.51,29.16,0,B,2
117.51,29.16,0,B,2
117.51,29.16,0,A,2
117.51,29.16,0,B,2
117.51,29.16,0,B,1
114.3,26.2,0,A,1
114.3,26.2,0,B,1
114.3,26.2,0,A,2
114.3,26.2,0,B,1
114.3,26.2,0,B,1
114.3,26.2,0,B,2
114.3,26.2,0,B,2
114.49,24.55,0,B,1
114.49,24.55,0,B,2
114.49,24.55,0,A,2
114.49,24.55,0,B,1
114.49,24.55,0,B,1
114.49,24.55,0,A,1
114.49,24.55,0,B,1
114.49,24.55,0,A,2
114.49,24.55,0,A,2
114.49,24.55,0,A,1
114.49,24.55,0,B,2
114.29,24.22,0,B,2
114.29,24.22,0,A,1
114.29,24.22,11,B,1
114.29,24.22,0,A,2
114.29,24.22,0,B,2
114.29,24.22,0,B,2
114.29,24.22,0,B,1
114.29,24.22,0,B,1
114.31,24.45,5,A,2
114.31,24.45,0,A,1
114.31,24.45,0,A,1
115,25.52,0,B,1
115,25.52,0,A,2
115,25.52,0,A,1
115,25.52,0,A,2
114.45,25.4,15,B,1
114.45,25.4,0,A,1
114.45,25.4,25,B,1
114.45,25.4,0,A,1
114.45,25.4,0,B,1
114.45,25.4,0,B,1
114.45,25.4,0,A,1
114.45,25.4,0,B,1
114.45,25.4,0,B,2
114.45,25.4,0,A,1
114.45,25.4,0,A,2
114.45,25.4,0,A,1
114.45,25.4,0,A,2
114.45,25.4,0,A,1
114.45,25.4,0,B,2
114.45,25.4,0,B,1
114.45,25.4,0,A,2
114.45,25.4,0,A,1
114.45,25.4,0,A,2
114.45,25.4,0,B,2
114.45,25.4,0,B,1
114.45,25.4,0,B,2
114.45,25.4,0,B,2
117.59,28.27,0,A,1
117.59,28.27,0,A,2
117.59,28.27,0,A,1
117.59,28.27,0,A,2
117.59,28.27,0,B,2
117.59,28.27,0,A,1
117.59,28.27,0,C,1
117.59,28.27,0,C,1
117.59,28.27,0,A,1
117.59,28.27,0,A,1
117.59,28.27,0,A,2
117.59,28.27,0,A,2
117.59,28.27,0,B,2
117.59,28.27,0,B,2
117.59,28.27,0,A,1
117.59,28.27,0,A,1
117.59,28.27,0,A,1
117.59,28.27,0,C,2
117.59,28.27,0,B,1
117.59,28.27,0,B,1
117.59,28.27,0,C,2
115.49,29.03,0,A,2
115.49,29.03,0,A,2
115.49,29.03,0,A,1
115.49,29.03,0,A,1
115.49,29.03,0,A,2
115.49,29.03,0,A,2
115.49,29.03,0,A,1
115.49,29.03,0,A,2
115.49,29.03,0,A,1
115.49,29.03,0,B,1
115.49,29.03,0,A,2
115.49,29.03,0,B,2
115.49,29.03,0,C,2
115.49,29.03,0,B,1
122.42,37.24,0,A,1
122.42,37.24,15,A,1
122.42,37.24,15,A,2
122.42,37.24,0,A,1
122.42,37.24,0,A,1
122.42,37.24,0,A,2
122.42,37.24,0,A,1
122.42,37.24,0,A,1
122.42,37.24,0,A,1
122.42,37.24,0,A,1
122.42,37.24,0,A,1
122.42,37.24,0,A,1
122.42,37.24,10,A,1
122.42,37.24,0,A,1
122.42,37.24,0,A,1
122.42,37.24,0,A,1
122.42,37.24,0,A,1
122.42,37.24,0,A,1
122.42,37.24,0,A,2
122.42,37.24,0,A,2
122.42,37.24,0,A,1
122.42,37.24,0,A,2
122.42,37.24,0,B,2
122.42,37.24,0,C,1
122.42,37.24,0,B,2
122.42,37.24,10,C,2
122.42,37.24,0,C,1
122.42,37.24,0,C,2
122.42,37.24,0,A,2
122.42,37.24,0,A,1
122.42,37.24,0,A,2
122.42,37.24,0,A,1
117.52,37.1,0,A,1
117.52,37.1,0,B,1
117.52,37.1,0,B,1
117.52,37.1,0,A,1
117.52,37.1,0,A,2
117.52,37.1,0,A,2
117.56,36.49,0,A,1
117.57,36.38,0,A,1
117.57,36.38,0,A,1
117,36.36,0,B,1
117,36.36,0,A,1
117,36.36,0,A,1
117,36.36,20,A,2
117,36.36,60,A,1
117,36.36,0,A,1
117,36.36,20,A,2
117,36.36,0,A,1
117,36.36,0,C,2
117,36.36,0,A,1
117,36.36,0,B,2
117,36.36,0,A,1
117,36.36,0,A,2
117,36.36,0,A,1
117,36.36,0,A,2
117,36.36,0,C,1
117,36.36,60,A,1
117,36.36,0,A,2
117.06,36.15,0,B,1
117.06,36.15,0,A,1
117.06,36.15,0,A,2
117.06,36.15,30,A,1
117.06,36.15,0,B,1
117.06,36.15,0,C,1
117.06,36.15,0,A,1
117.06,36.15,0,A,1
117.06,36.15,0,A,1
117.06,36.15,0,A,2
117.06,36.15,0,A,1
117.06,36.15,0,A,2
117.06,36.15,0,B,1
117.06,36.15,0,A,2
117.06,36.15,0,B,1
117.06,36.15,0,A,2
117.06,36.15,0,A,2
117.06,36.15,0,B,2
117.06,36.15,0,A,2
116.25,36.15,0,A,1
116.25,36.15,0,A,2
116.25,36.15,0,A,1
116.25,36.15,0,A,2
116.25,36.15,0,A,2
116.25,36.15,0,B,1
118.4,37.26,0,B,2
118.4,37.26,0,B,2
118.4,37.26,0,A,1
118.4,37.26,100,A,1
118.4,37.26,0,B,1
118.4,37.26,0,B,1
118.4,37.26,0,B,1
118.4,37.26,0,B,1
118.4,37.26,0,A,1
118.4,37.26,0,B,1
118.4,37.26,0,A,2
118.4,37.26,0,B,2
118.4,37.26,100,B,1
118.4,37.26,100,B,2
118.4,37.26,0,B,1
118.4,37.26,0,B,2
118.4,37.26,0,B,1
118.4,37.26,0,A,1
118.33,37.35,0,A,2
118.33,37.35,0,A,2
118.33,37.35,0,A,1
118.33,37.35,0,C,1
118.33,37.35,0,A,1
118.33,37.35,0,A,1
118.33,37.35,0,B,1
118.33,37.35,0,C,2
118.33,37.35,0,B,1
118.33,37.35,0,A,2
118.33,37.35,0,B,1
118.33,37.35,0,A,1
118.33,37.35,0,B,1
118.33,37.35,0,B,2
118.53,39.26,0,B,2
118.53,39.26,0,A,1
118.53,39.26,0,C,1
116.15,36.32,0,B,2
116.15,36.32,0,A,1
116.15,36.32,0,A,1
116.15,36.32,100,A,2
116.15,36.32,100,A,2
116.15,36.32,0,A,1
116.15,36.32,100,A,2
116.15,36.32,0,C,1
116.15,36.32,100,A,1
116.15,36.32,0,A,1
116.15,36.32,0,B,1
116.15,36.32,0,A,2
116.15,36.32,0,B,2
116.15,36.32,0,C,2
116.15,36.32,0,B,2
116.15,36.32,0,A,2
116.15,36.32,0,A,1
116.15,36.32,0,A,1
116.15,36.32,0,A,2
116.15,36.32,0,A,1
121.26,37.29,0,A,1
121.26,37.29,0,A,1
121.26,37.29,0,A,2
121.26,37.29,0,B,2
121.26,37.29,0,A,1
121.26,37.29,100,A,1
121.26,37.29,25,A,1
121.26,37.29,0,A,2
121.26,37.29,0,A,1
121.26,37.29,0,A,1
121.26,37.29,0,A,1
121.26,37.29,0,A,1
121.26,37.29,0,A,1
121.26,37.29,0,A,1
121.26,37.29,100,A,1
121.26,37.29,0,A,1
121.26,37.29,0,A,2
121.26,37.29,0,A,1
121.26,37.29,100,A,2
121.26,37.29,0,A,1
121.26,37.29,0,A,2
121.26,37.29,0,B,1
121.26,37.29,0,B,2
121.26,37.29,0,A,2
121.26,37.29,0,B,2
121.26,37.29,0,B,1
121.26,37.29,25,A,2
121.14,37.29,0,A,1
121.14,37.29,0,A,1
121.14,37.29,0,B,2
119.12,36.45,0,B,2
119.12,36.45,0,A,1
119.12,36.45,0,A,2
119.12,36.45,0,B,1
119.12,36.45,0,B,2
119.12,36.45,10,B,1
119.12,36.45,35,B,1
119.12,36.45,0,A,1
119.12,36.45,0,B,1
119.12,36.45,0,A,1
119.12,36.45,0,A,1
119.12,36.45,30,A,1
119.12,36.45,35,A,1
119.12,36.45,10,A,1
119.12,36.45,30,A,1
119.12,36.45,35,B,1
119.12,36.45,0,A,1
119.12,36.45,0,B,2
119.12,36.45,50,A,2
119.12,36.45,0,B,1
119.12,36.45,0,A,2
119.12,36.45,50,A,1
119.12,36.45,30,A,2
119.12,36.45,0,A,2
118.5,36.41,0,A,1
118.5,36.41,0,A,1
118.5,36.41,0,C,2
118.5,36.41,0,A,2
118.5,36.41,0,C,1
118.5,36.41,0,C,2
116.24,35.56,0,A,1
116.24,35.56,0,B,1
116.24,35.56,0,B,1
116.24,35.56,10,A,2
116.19,35.06,0,A,1
116.19,35.06,0,A,2
116.19,35.06,0,A,1
116.19,35.06,100,C,1
116.19,35.06,0,B,1
116.19,35.06,0,A,1
116.19,35.06,0,A,1
116.19,35.06,0,A,1
116.19,35.06,100,C,1
116.19,35.06,0,B,1
116.19,35.06,0,A,1
116.19,35.06,0,A,1
116.19,35.06,0,A,2
116.19,35.06,100,A,1
116.19,35.06,0,B,2
116.19,35.06,0,A,2
116.19,35.06,100,A,2
116.19,35.06,0,A,1
116.19,35.06,0,A,2
116.19,35.06,0,A,1
116.19,35.06,0,A,1
116.19,35.06,0,A,1
116.19,35.06,0,A,2
116.19,35.06,0,B,1
116.19,35.06,0,B,1
111.12,34.5,0,C,1
111.12,34.5,0,B,2
111.12,34.5,0,A,1
111.12,34.5,0,B,1
111.12,34.5,0,C,2
111.12,34.5,0,C,2
111.4,34.24,0,B,1
111.4,34.24,0,B,2
114.11,35.09,0,A,1
114.11,35.09,0,B,1
114.11,35.09,0,A,1
114.33,32.13,0,A,1
114.33,32.13,0,A,2
114.33,32.13,0,A,1
114.33,32.13,0,A,1
114.33,32.13,0,A,2
114.33,32.13,0,A,2
114.33,32.13,0,A,1
114.33,32.13,0,A,1
114.33,32.13,30,A,1
114.33,32.13,0,A,1
114.33,32.13,0,A,1
114.33,32.13,80,A,1
114.33,32.13,0,A,1
114.33,32.13,0,A,1
114.33,32.13,0,A,1
114.33,32.13,0,A,1
114.33,32.13,0,A,2
114.33,32.13,80,A,1
114.33,32.13,0,A,1
114.33,32.13,0,A,2
114.33,32.13,0,B,2
114.33,32.13,0,A,2
114.33,32.13,0,A,2
114.33,32.13,80,A,2
114.37,31.17,0,B,1
114.37,31.17,0,B,1
114.54,32.01,0,A,1
114.54,32.01,0,B,2
114.54,32.01,0,A,2
114.54,32.01,0,C,2
115.23,31.49,0,B,2
115.23,31.49,0,C,1
115.23,31.49,0,C,2
115.23,31.49,0,B,2
115.23,31.49,0,C,2
115.23,31.49,0,A,2
115.23,31.49,0,A,1
115.23,31.49,0,C,1
115.23,31.49,0,C,2
115.23,31.49,0,B,1
115.23,31.49,0,B,2
115.23,31.49,0,A,1
115.23,31.49,0,B,2
115.23,31.49,0,C,2
115.37,32.1,20,A,1
115.37,32.1,20,A,1
115.37,32.1,0,A,2
115.37,32.1,0,C,2
115.53,31.41,0,B,1
115.53,31.41,0,A,1
115.53,31.41,50,A,2
115.53,31.41,0,A,2
115.53,31.41,45,A,1
115.53,31.41,0,A,2
115.53,31.41,40,B,1
115.53,31.41,0,C,1
115.53,31.41,0,A,2
115.53,31.41,0,A,1
115.53,31.41,40,A,2
115.53,31.41,0,A,2
115.53,31.41,50,A,1
115.53,31.41,0,C,2
115.53,31.41,0,B,2
115.46,33.52,60,A,1
115.46,33.52,60,A,1
115.46,33.52,60,A,2
115.46,33.52,0,C,1
114.49,34.51,0,B,2
114.49,34.51,0,A,2
114.49,34.51,0,C,1
114.49,34.51,0,B,1
114.49,34.51,0,B,1
114.49,34.51,0,B,1
114.49,34.51,0,A,1
114.49,34.51,40,A,1
114.49,34.51,18,B,3
114.49,34.51,0,C,1
114.49,34.51,40,A,1
114.49,34.51,0,B,2
114.49,34.51,0,C,1
114.49,34.51,0,C,2
114.49,34.51,0,C,2
114.49,34.51,0,A,2
114.49,34.51,0,A,1
114.49,34.51,0,B,1
114.49,34.51,0,A,3
114.49,34.51,0,B,1
114.51,34.04,0,B,1
114.51,34.04,50,A,2
114.51,34.04,0,B,1
114.51,34.04,0,A,2
114.51,34.04,0,C,2
114.51,34.04,10,B,1
114.51,34.04,0,A,1
115.18,34.04,70,A,1
115.18,34.04,70,A,1
115.18,34.04,70,A,2
115.18,34.04,0,A,1
114.51,33.44,0,B,2
114.51,33.44,0,A,1
114.51,33.44,0,B,2
114.51,33.44,0,A,1
114.51,33.44,0,A,1
114.51,33.44,0,C,1
114.51,33.44,0,A,1
114.51,33.44,0,A,1
114.51,33.44,5,C,2
114.51,33.44,0,C,2
114.51,33.44,0,A,1
114.51,33.44,0,B,2
114.52,33.28,80,A,1
114.52,33.28,0,A,2
114.52,33.28,0,B,1
114.52,33.28,0,A,1
112.14,33.03,0,B,1
112.14,33.03,0,B,1
112.14,33.03,0,C,2
112.14,33.03,0,A,2
112.14,33.03,0,C,1
112.14,33.03,0,C,2
112.25,33.29,0,C,1
112.25,33.29,0,B,2
112.25,33.29,5,B,1
112.25,33.29,0,B,2
112.25,33.29,0,B,1
112.25,33.29,75,A,1
112.25,33.29,0,B,2
112.25,33.29,0,B,2
112.07,32.42,0,C,2
112.07,32.42,0,A,1
110.44,31.21,0,A,2
110.44,31.21,0,A,1
113.2,31.37,0,A,1
113.2,31.37,0,C,2
113.2,31.37,0,A,1
113.2,31.37,0,A,2
113.2,31.37,0,A,1
113.2,31.37,0,C,2
113.2,31.37,0,A,1
113.45,31.02,0,A,1
113.45,31.02,0,A,2
113.45,31.02,0,B,1
113.45,31.02,0,A,2
113.08,31,73,C,1
113.08,31,73,B,2
113.08,31,0,A,1
113.08,31,0,A,1
113.08,31,0,B,1
113.08,31,0,A,2
113.08,31,0,C,1
113.08,31,0,A,2
134,46.48,0,B,1
134,46.48,0,A,1
134,46.48,0,B,1
134,46.48,0,A,2
134,46.48,10,A,1
134,46.48,10,A,2
134,46.48,0,B,1
134,46.48,0,C,2
134,46.48,0,B,1
134,46.48,0,A,2
134,46.48,0,B,2
134,46.48,0,A,2
134,46.48,0,A,2
134,46.48,0,A,1
134,46.48,0,C,2
134,46.48,0,B,1
134,46.48,0,B,2
134,46.48,0,A,2
134,46.48,0,B,1
134,46.48,0,B,2
134,46.48,0,A,2
134,46.48,0,B,1
134,46.48,0,B,2
134,46.48,0,B,1
134,46.48,0,B,2
113.42,31.16,0,B,1
113.42,31.16,0,B,1
113.42,31.16,0,B,2
113.42,31.16,27,A,2
113.42,31.16,0,B,1
113.42,31.16,0,B,1
113.42,31.16,0,A,2
112.34,31.1,0,A,2
112.34,31.1,0,A,1
114.5,30.5,100,B,1
114.5,30.5,100,A,2
114.5,30.5,100,A,1
114.5,30.5,100,A,2
114.57,31.08,0,B,2
114.57,31.08,0,A,2
114.57,31.08,0,A,2
114.57,31.08,0,A,1
114.57,31.08,0,A,1
114.51,31.38,0,A,2
114.51,31.38,0,A,1
114.51,31.38,0,A,2
114.51,31.38,0,A,1
114.51,31.38,0,B,2
114.51,31.38,0,A,1
114.51,31.38,0,A,2
114.51,31.38,0,B,1
114.51,31.38,0,A,2
114.51,31.38,0,C,1
114.51,31.38,0,B,1
114.51,31.38,0,A,1
114.51,31.38,0,A,1
114.51,31.38,0,A,1
114.51,31.38,0,A,1
114.51,31.38,0,A,1
114.51,31.38,0,A,1
114.51,31.38,0,C,1
114.51,31.38,0,B,2
114.51,31.38,0,A,1
114.51,31.38,0,A,2
114.51,31.38,0,B,1
114.51,31.38,0,A,2
113.53,29.43,80,B,1
113.53,29.43,0,A,1
113.53,29.43,0,B,1
113.53,29.43,80,A,1
113.53,29.43,0,C,1
113.53,29.43,80,A,2
113.53,29.43,0,A,2
113.53,29.43,0,A,1
113.53,29.43,0,A,2
114.02,29.32,0,A,1
114.02,29.32,0,A,1
114.02,29.32,0,A,2
114.02,29.32,0,A,2
114.02,29.32,0,B,2
114.02,29.32,40,A,2
114.02,29.32,0,A,1
114.02,29.32,50,A,1
114.02,29.32,0,A,1
114.02,29.32,0,A,1
114.02,29.32,0,B,1
114.02,29.32,0,A,1
114.02,29.32,40,C,1
114.02,29.32,0,A,1
114.02,29.32,0,A,2
114.02,29.32,0,A,2
114.02,29.32,0,B,1
114.02,29.32,0,B,1
114.02,29.32,40,A,1
114.02,29.32,0,B,1
114.02,29.32,0,A,2
110.4,31.45,0,A,1
110.4,31.45,0,A,2
110.4,31.45,0,B,1
110.4,31.45,0,A,2
110.4,31.45,0,A,1
110.4,31.45,0,A,2
110.4,31.45,0,A,1
110.4,31.45,0,A,2
110.4,31.45,0,B,2
110.4,31.45,0,B,2
110.4,31.45,0,A,1
110.4,31.45,0,A,1
110.4,31.45,0,A,2
110.4,31.45,0,B,2
110.45,32.03,0,B,1
110.45,32.03,0,A,1
110.45,32.03,0,A,2
110.45,32.03,0,B,2
113.04,28.48,0,A,1
113.04,28.48,0,A,2
113.04,28.48,2,A,1
113.04,28.48,0,A,1
113.04,28.48,5,A,1
113.04,28.48,0,A,1
113.04,28.48,0,B,1
113.04,28.48,0,A,2
113.04,28.48,0,A,1
113.04,28.48,0,A,2
113.04,28.48,0,B,1
113.04,28.48,0,A,2
112.52,27.14,0,A,2
112.52,27.14,0,A,1
112.52,27.14,0,A,1
112.52,27.14,0,A,2
112.52,27.14,0,A,1
110.4,30.12,0,A,1
110.4,30.12,0,A,2
110.4,30.12,0,A,2
110.4,30.12,0,A,1
110.4,30.12,0,A,1
110.4,30.12,0,A,1
110.4,30.12,0,B,2
110.4,30.12,0,A,1
111.11,30.28,0,A,2
111.11,30.28,0,A,1
111.11,30.28,0,A,2
111.11,30.28,0,A,2
111.11,30.28,0,B,1
111.11,30.28,0,A,1
111.11,30.28,0,A,1
111.11,30.28,0,A,1
111.11,30.28,0,A,2
111.11,30.28,0,A,2
111.44,29.4,0,A,1
111.44,29.4,0,A,2
111.44,29.4,0,A,1
111.44,29.4,0,A,2
111.44,29.4,0,A,1
111.44,29.4,0,A,1
111.44,29.4,0,A,1
111.44,29.4,0,A,1
111.44,29.4,0,A,2
114.23,28.32,0,A,2
114.23,28.32,0,A,2
114.23,28.32,0,A,2
114.23,28.32,0,A,1
114.23,28.32,0,A,1
114.23,28.32,0,A,1
114.23,28.32,0,A,1
114.23,28.32,0,A,1
114.23,28.32,0,C,1
114.23,28.32,0,A,2
114.23,28.32,0,A,2
114.23,28.32,0,A,1
114.23,28.32,0,A,1
114.23,28.32,0,A,2
114.23,28.32,0,A,1
114.23,28.32,0,A,2
114.23,28.32,0,B,1
114.23,28.32,0,A,2
114.23,28.32,0,B,2
114.23,28.32,0,B,1
114.23,28.32,0,B,2
114.23,28.32,0,B,2
114.23,28.32,0,A,1
112.52,23.11,0,A,1
112.52,23.11,0,A,1
112.52,23.11,0,A,2
112.52,23.11,0,A,1
112.52,23.11,0,A,1
112.52,23.11,0,B,1
112.52,23.11,0,A,1
112.52,23.11,0,B,1
112.52,23.11,0,A,1
112.52,23.11,0,A,2
112.52,23.11,0,A,1
112.52,23.11,0,A,2
112.52,23.11,0,B,1
112.52,23.11,0,A,2
112.52,23.11,0,A,1
112.52,23.11,0,A,1
112.52,23.11,0,A,2
112.52,23.11,0,A,1
112.52,23.11,0,A,2
112.52,23.11,0,A,2
112.52,23.11,0,A,2
112.52,23.11,0,C,2
112.52,23.11,0,A,2
112.52,23.11,0,A,1
112.52,23.11,0,A,1
113.21,25.09,0,A,2
113.21,25.09,0,A,1
113.21,25.09,0,A,1
113.21,25.09,0,B,1
113.21,25.09,0,A,1
113.21,25.09,0,A,1
113.21,25.09,0,A,2
113.21,25.09,0,A,1
113.21,25.09,0,A,2
113.21,25.09,0,B,1
113.21,25.09,0,A,2
113.21,25.09,0,A,1
113.21,25.09,0,A,2
113.21,25.09,0,B,1
113.21,25.09,0,A,2
113.21,25.09,0,A,1
113.21,25.09,0,A,2
113.21,25.09,0,B,1
113.21,25.09,0,A,2
113.21,25.09,0,A,1
113.21,25.09,0,B,2
113.21,25.09,0,B,1
113.21,25.09,0,A,2
113.21,25.09,0,A,2
110.4,25.37,25,A,1
110.4,25.37,0,A,2
110.4,25.37,0,A,1
110.4,25.37,7,A,2
110.4,25.37,0,A,1
110.4,25.37,0,A,1
110.4,25.37,0,B,1
110.4,25.37,0,A,1
110.4,25.37,0,A,2
110.18,25.19,0,A,2
110.18,25.19,0,B,1
110.18,25.19,0,A,1
110.38,26.02,0,A,1
110.38,26.02,0,C,2
110.38,26.02,0,A,2
110.38,26.02,0,A,1
110.38,26.02,0,B,2
110.38,26.02,0,A,1
110.38,26.02,0,A,1
110.38,26.02,0,A,2
110.38,26.02,0,A,1
110.38,26.02,0,A,2
110.38,26.02,0,A,2
110.38,26.02,0,A,1
110.38,26.02,0,A,1
110.38,26.02,0,C,2
110.38,26.02,0,B,1
110.38,26.02,0,B,2
110.38,26.02,0,A,2
109.15,24.39,20,A,1
109.15,24.39,0,A,1
109.15,24.39,20,A,2
109.45,24.29,2,A,2
109.45,24.29,0,A,1
109.45,24.29,2,A,1
109.15,25.05,0,B,1
109.15,25.05,0,A,1
109.15,25.05,0,A,1
109.15,25.05,0,A,2
109.15,25.05,0,A,2
109.15,25.05,0,C,1
108.24,22.48,12,A,2
108.24,22.48,0,A,1
108.24,22.48,12,A,1
108.24,22.48,0,A,1
108.24,22.48,0,A,1
106.34,24.21,0,A,1
106.34,24.21,0,A,1
106.34,24.21,0,A,1
106.34,24.21,0,A,1
106.34,24.21,0,A,1
106.34,24.21,5,A,1
106.34,24.21,0,A,2
106.34,24.21,0,A,1
106.34,24.21,0,A,2
106.34,24.21,0,A,2
106.34,24.21,0,C,2
106.34,24.21,0,C,2
106.33,24.47,0,A,1
106.33,24.47,0,A,2
106.33,24.47,0,A,1
106.33,24.47,0,C,1
106.33,24.47,0,B,2
106.33,24.47,0,A,2
106.33,24.47,0,C,1
106.33,24.47,0,B,1
106.33,24.47,0,B,2
106.33,24.47,0,B,1
106.33,24.47,0,A,2
109.11,21.4,0,A,1
109.11,21.4,0,A,2
109.11,21.4,0,A,1
109.11,21.4,0,A,1
109.11,21.4,0,B,1
109.11,21.4,0,C,2
108.21,21.37,0,A,1
108.21,21.37,15,A,2
108.21,21.37,0,A,2
108.21,21.37,15,B,1
108.21,21.37,0,C,1
108.21,21.37,0,A,1
108.21,21.37,0,A,1
108.21,21.37,0,A,1
108.21,21.37,0,B,2
107.12,22.5,0,A,1
107.12,22.5,0,A,1
107.12,22.5,0,A,1
107.12,22.5,0,A,1
107.12,22.5,0,A,1
107.12,22.5,0,A,2
107.12,22.5,0,A,1
107.12,22.5,0,A,2
107.12,22.5,0,A,1
107.12,22.5,0,A,2
107.12,22.5,0,A,2
107.12,22.5,0,B,1
107.12,22.5,0,A,2
107.12,22.5,0,A,1
107.12,22.5,0,A,2
107.12,22.5,0,B,1
107.12,22.5,0,A,2
107.12,22.5,0,A,1
107.12,22.5,0,B,2
110.11,24.08,0,A,2
110.11,24.08,0,A,1
110.11,24.08,0,A,2
110.11,24.08,0,A,1
110.11,24.08,0,A,2
110.11,24.08,0,A,1
110.11,24.08,0,A,1
110.11,24.08,0,C,2
110.11,24.08,0,A,1
110.11,24.08,0,A,1
110.11,24.08,0,A,2
110.11,24.08,0,A,2
110.11,24.08,0,A,1
110.11,24.08,0,B,2
110.11,24.08,0,A,2
110.11,24.08,0,B,1
110.11,24.08,0,A,2
110.11,24.08,0,B,1
110.11,24.08,0,A,2
110.11,24.08,0,A,1
110.11,24.08,0,A,1
110.11,24.08,0,A,2
110.11,24.08,0,B,1
110.2,18.48,0,B,1
110.2,18.48,0,B,1
110.2,18.48,0,B,1
110.2,18.48,0,A,1
117.02,23.26,0,B,1
117.02,23.26,100,B,1
117.02,23.26,100,A,2
117.02,23.26,0,A,2
117.02,23.26,0,A,1
117.02,23.26,0,B,2
109.03,19.16,0,B,2
109.03,19.16,100,A,2
109.03,19.16,0,A,2
109.03,19.16,0,A,1
109.03,19.16,0,A,2
109.03,19.16,0,B,1
109.03,19.16,0,A,2
109.03,19.16,0,B,2
109.03,19.16,0,A,2
109.03,19.16,100,B,1
109.03,19.16,100,B,1
109.03,19.16,0,A,1
109.03,19.16,0,B,1
109.03,19.16,0,A,2
109.03,19.16,0,B,1
109.03,19.16,0,A,1
109.03,19.16,0,A,2
109.03,19.16,0,B,2
109.5,19.02,0,A,2
109.5,19.02,0,A,1
109.5,19.02,0,B,2
109.5,19.02,0,B,1
109.5,19.02,0,C,1
109.5,19.02,0,B,1
109.5,19.02,0,A,1
109.5,19.02,0,B,1
109.5,19.02,0,B,2
109.5,19.02,0,B,1
109.5,19.02,0,A,2
109.5,19.02,0,A,1
109.5,19.02,0,A,2
109.5,19.02,0,A,2
109.32,31.54,0,A,2
109.32,31.54,0,A,2
109.32,31.54,0,B,1
109.32,31.54,0,A,1
109.32,31.54,0,B,1
109.32,31.54,0,A,1
109.32,31.54,0,B,2
109.32,31.54,0,A,1
109.32,31.54,0,B,2
109.32,31.54,0,B,1
109.32,31.54,0,B,2
109.32,31.54,0,B,1
109.32,31.54,0,A,2
109.32,31.54,0,A,2
109.32,31.54,0,A,1
109.32,31.54,0,A,1
109.2,32.24,0,B,1
109.2,32.24,0,A,2
108.54,32.19,0,A,1
108.54,32.19,10,A,2
108.54,32.19,0,A,1
108.54,32.19,0,C,2
108.54,32.19,0,A,1
108.54,32.19,0,B,1
108.54,32.19,0,A,2
108.54,32.19,0,B,2
108.54,32.19,0,A,1
108.54,32.19,0,A,1
108.54,32.19,0,A,1
108.54,32.19,0,A,2
106.17,29.58,0,A,1
106.17,29.58,0,B,2
106.17,29.58,0,B,1
106.17,29.58,0,B,1
106.17,29.58,0,A,1
106.17,29.58,0,A,2
106.17,29.58,0,B,1
106.17,29.58,0,A,1
106.17,29.58,0,B,1
106.17,29.58,0,B,1
106.17,29.58,0,A,1
106.17,29.58,0,B,1
106.17,29.58,0,A,1
106.17,29.58,0,B,1
106.17,29.58,0,A,2
106.17,29.58,0,B,1
106.17,29.58,0,B,2
106.17,29.58,0,B,2
106.17,29.58,0,B,2
106.17,29.58,0,B,1
106.17,29.58,0,B,2
106.27,29.51,0,B,1
106.27,29.51,0,A,2
106.27,29.51,15,B,2
106.27,29.51,20,B,1
106.27,29.51,0,A,2
106.27,29.51,15,B,1
106.27,29.51,10,B,1
106.27,29.51,0,A,1
106.27,29.51,0,A,1
106.27,29.51,0,A,2
106.27,29.51,0,A,1
106.27,29.51,0,B,1
107.07,29.1,0,A,1
107.07,29.1,0,B,1
107.07,29.1,20,A,2
107.07,29.1,0,B,1
107.07,29.1,0,B,1
107.07,29.1,0,B,1
107.07,29.1,0,B,1
107.07,29.1,0,B,1
107.07,29.1,0,C,1
107.07,29.1,0,C,1
107.07,29.1,0,A,1
107.07,29.1,0,A,1
107.07,29.1,0,A,2
107.07,29.1,0,B,2
107.07,29.1,0,B,1
107.07,29.1,0,A,2
107.07,29.1,0,A,2
107.07,29.1,0,B,1
107.07,29.1,0,B,2
107.07,29.1,0,B,1
107.07,29.1,0,B,2
107.07,29.1,0,A,2
107.07,29.1,0,A,2
107.07,29.1,0,A,1
107.07,29.1,0,A,2
107.07,29.1,0,A,1
107.07,29.1,0,A,1
102.14,29.55,100,A,2
102.14,29.55,0,A,2
102.14,29.55,0,A,1
102.14,29.55,0,A,1
102.14,29.55,0,A,2
102.14,29.55,0,A,1
102.14,29.55,0,A,1
102.14,29.55,0,B,2
102.14,29.55,0,B,2
102.14,29.55,0,A,1
102.14,29.55,0,A,1
104.15,33.16,0,A,1
104.15,33.16,0,A,2
104.15,33.16,0,A,2
104.15,33.16,0,A,2
104.15,33.16,0,A,1
104.15,33.16,0,A,1
104.15,33.16,0,A,2
104.15,33.16,0,A,2
104.15,33.16,0,A,1
104.09,28.39,0,A,2
104.09,28.39,0,A,2
104.09,28.39,0,A,1
104.09,28.39,0,A,2
104.09,28.39,50,A,1
104.09,28.39,0,A,2
104.09,28.39,0,A,2
104.09,28.39,0,A,2
104.09,28.39,0,A,1
104.09,28.39,0,B,1
104.09,28.39,0,C,1
104.09,28.39,0,B,1
104.09,28.39,0,B,2
104.09,28.39,0,A,1
104.09,28.39,0,A,1
104.09,28.39,0,A,1
104.09,28.39,0,B,2
104.09,28.39,0,A,1
104.09,28.39,0,A,1
104.09,28.39,0,B,2
104.09,36.33,100,A,1
104.09,36.33,0,A,2
104.09,36.33,100,A,1
104.09,36.33,100,B,2
104.09,36.33,0,A,1
104.09,36.33,100,A,1
104.09,36.33,100,A,2
104.11,30.47,100,A,1
104.11,30.47,100,A,1
104.11,30.47,100,A,1
104.11,30.47,100,A,1
104.11,30.47,100,A,1
104.11,30.47,100,A,1
104.11,30.47,100,A,1
104.11,30.47,100,A,1
104.11,30.47,100,A,1
104.11,30.47,100,A,1
104.11,30.47,100,A,2
104.11,30.47,100,B,2
104.11,30.47,100,A,1
104.15,30.33,100,A,2
104.15,30.33,100,A,1
104.15,30.33,100,A,1
104.15,30.33,100,A,2
104.15,30.33,100,A,2
104.15,30.33,100,A,1
104.15,30.33,100,A,1
104.15,30.33,100,B,1
105.13,32.34,0,A,1
105.13,32.34,0,A,1
105.13,32.34,10,B,1
105.13,32.34,0,B,2
105.13,32.34,20,B,1
105.13,32.34,0,B,2
105.13,32.34,0,B,1
105.13,32.34,0,B,2
105.13,32.34,0,A,1
105.13,32.34,0,B,1
105.13,32.34,0,B,2
105.13,32.34,0,A,1
105.13,32.34,0,A,1
105.13,32.34,0,A,2
105.13,32.34,0,A,1
105.13,32.34,0,B,2
105.13,32.34,10,B,2
105.13,32.34,0,A,1
105.13,32.34,0,A,2
105.13,32.34,0,A,1
105.13,32.34,0,A,1
104.4,32.57,0,A,1
104.4,32.57,0,A,1
104.4,32.57,0,A,2
104.4,32.57,0,A,1
104.4,32.57,0,A,1
104.4,32.57,0,A,2
104.4,32.57,0,A,2
102.56,30.09,100,A,1
102.56,30.09,100,B,2
102.56,30.09,0,A,1
102.49,30.23,100,A,1
102.49,30.23,0,A,1
102.49,30.23,0,B,2
102.49,30.23,0,A,1
102.49,30.23,0,B,2
102.49,30.23,0,A,2
102.58,33.35,0,A,1
102.58,33.35,0,A,2
102.58,33.35,0,B,2
102.58,33.35,0,A,2
102.58,33.35,0,A,1
102.58,33.35,0,A,2
102.58,33.35,0,A,2
102.58,33.35,0,A,1
102.58,33.35,0,B,2
103.14,34.04,0,A,1
103.14,34.04,0,A,1
103.14,34.04,0,A,1
103.52,29.5,0,A,1
103.52,29.5,0,A,2
103.52,29.5,0,A,1
103.52,29.5,0,A,2
103.52,29.5,0,A,1
103.52,29.5,0,A,2
103.21,29.53,0,A,1
103.21,29.53,0,A,2
103.21,29.53,0,A,1
103.21,29.53,0,A,2
103.21,29.53,0,A,1
103.21,29.53,0,B,2
103.21,29.53,0,A,2
103.21,29.53,0,A,2
103.21,29.53,0,A,1
103.21,29.53,0,A,2
103.21,29.53,0,B,1
103.21,29.53,0,C,1
103.21,29.53,0,B,1
103.21,29.53,0,A,2
103.21,29.53,0,B,1
103.21,29.53,0,A,1
103.21,29.53,0,A,1
103.21,29.53,0,A,2
103.21,29.53,0,B,1
103.4,31,40,A,1
103.4,31,0,A,1
103.4,31,0,A,2
103.4,31,0,A,1
103.4,31,0,A,2
103.4,31,0,A,2
103.4,31,0,A,1
103.4,31,0,A,2
103.4,31,0,A,2
103.4,31,0,A,1
103.4,31,0,A,2
103.4,31,0,A,2
103.4,31,0,B,2
103.4,31,0,A,1
103.4,31,0,A,2
103.4,31,0,A,1
103.4,31,0,A,1
103.4,31,0,B,2
103.4,31,0,A,1
103.4,31,0,A,1
103.4,31,0,A,2
103.4,31,0,A,1
103.4,31,0,A,1
108.32,25.58,0,A,2
108.32,25.58,0,B,2
108.32,25.58,0,B,1
108.32,25.58,0,A,2
108.32,25.58,0,A,2
108.32,25.58,2,B,2
108.32,25.58,0,B,2
108.32,25.58,0,B,2
108.32,25.58,0,B,1
108.32,25.58,0,B,1
108.32,25.58,0,A,2
108.32,25.58,0,A,1
108.32,25.58,0,A,1
108.32,25.58,0,B,1
108.32,25.58,0,A,1
108.32,25.58,0,B,1
108.32,25.58,0,B,2
107.53,25.25,0,A,1
107.53,25.25,0,B,2
107.53,25.25,0,B,2
109.11,28.09,2,B,1
109.11,28.09,0,A,2
109.11,28.09,0,A,2
108.59,28.27,1,A,1
108.59,28.27,0,A,2
108.59,28.27,0,C,1
108.59,28.27,0,A,2
108.59,28.27,0,C,2
108.59,28.27,0,B,2
108.59,28.27,0,B,1
108.59,28.27,0,B,2
108.59,28.27,0,C,1
106.46,26.38,0,C,2
107.27,28.33,0,A,2
107.27,28.33,0,A,2
107.27,28.33,0,A,1
107.27,28.33,0,A,1
107.27,28.33,0,C,2
107.27,28.33,0,B,2
107.27,28.33,0,B,1
107.27,28.33,0,B,2
107.27,28.33,0,A,1
107.27,28.33,0,A,2
107.27,28.33,0,B,1
107.27,28.33,0,B,1
107.27,28.33,0,B,1
107.27,28.33,0,B,2
107.28,27.04,0,B,2
107.28,27.04,0,A,2
107.28,27.04,0,B,1
107.28,27.04,0,A,2
105.5,28.49,10,A,1
105.5,28.49,10,A,2
105.5,28.49,5,A,1
105.5,28.49,5,A,2
105.5,28.49,0,A,2
106.5,28.08,2,A,1
106.5,28.08,2,A,2
106.5,28.08,0,A,1
106.5,28.08,0,B,2
106.5,28.08,0,A,1
106.5,28.08,0,A,2
106.56,28.57,0,A,1
106.56,28.57,0,B,2
106.56,28.57,0,A,1
106.56,28.57,0,B,2
106.56,28.57,0,A,1
106.56,28.57,0,A,1
106.56,28.57,0,C,1
106.56,28.57,0,C,2
106.56,28.57,0,C,2
108.14,27.34,0,B,1
108.14,27.34,0,A,1
108.14,27.34,0,A,1
108.14,27.34,0,A,2
108.14,27.34,0,B,2
108.14,27.34,0,A,2
108.14,27.34,0,A,1
108.14,27.34,0,C,2
108.14,27.34,2,B,1
108.14,27.34,0,A,2
108.14,27.34,0,C,2
108.14,27.34,0,B,1
108.15,27.57,0,A,1
108.15,27.57,0,A,1
108.15,27.57,0,C,2
108.15,27.57,0,A,1
108.15,27.57,0,A,2
108.15,27.57,0,A,1
108.15,27.57,0,B,2
103.05,25.21,100,A,1
103.05,25.21,100,A,2
103.05,25.21,100,A,1
103.05,25.21,100,A,2
102.39,25,100,A,1
102.39,25,100,A,2
102.39,25,100,A,1
102.39,25,100,A,2
102.39,25,100,A,2
102.39,25,0,A,1
102.39,25,0,A,2
102.39,25,0,A,1
102.39,25,0,A,2
102.39,25,100,A,2
102.39,25,100,A,1
102.39,25,100,A,2
102.39,25,100,A,1
102.39,25,100,A,1
102.39,25,100,A,1
102.39,25,100,A,2
101.31,25.18,0,A,1
101.31,25.18,0,A,2
101.31,25.18,0,A,1
101.31,25.18,0,A,2
101.31,25.18,0,A,1
101.31,25.18,0,B,2
101.31,25.18,0,A,1
101.31,25.18,0,A,2
101.31,25.18,0,A,1
101.31,25.18,0,A,1
101.31,25.18,0,B,2
101.31,25.18,0,A,1
101.31,25.18,0,B,2
101.31,25.18,0,A,2
101.31,25.18,0,B,2
101.31,25.18,0,A,2
101.31,25.18,0,A,1
101.31,25.18,0,A,1
101.31,25.18,0,A,2
101.31,25.18,0,B,2
100.25,21.55,0,A,1
100.25,21.55,0,A,1
100.25,21.55,0,A,2
100.25,21.55,0,A,2
100.25,21.55,0,A,1
100.25,21.55,0,B,2
100.25,21.55,0,A,1
100.25,21.55,15,A,2
101.51,22.35,0,A,1
101.51,22.35,0,A,1
101.51,22.35,0,A,2
101.51,22.35,0,A,1
101.51,22.35,0,A,1
101.51,22.35,0,A,1
101.51,22.35,0,A,1
101.51,22.35,0,B,1
101.51,22.35,0,A,2
101.51,22.35,0,A,2
101.51,22.35,0,A,2
101.51,22.35,0,A,1
101.51,22.35,0,A,2
101.51,22.35,0,B,1
101.51,22.35,0,A,2
101.51,22.35,0,B,2
101.51,22.35,0,A,2
101.51,22.35,0,A,2
101.51,22.35,0,A,2
101.51,22.35,0,A,1
101.51,22.35,0,A,2
97.57,24.42,0,A,1
97.57,24.42,0,A,1
97.57,24.42,0,B,2
97.57,24.42,0,A,1
97.57,24.42,0,B,2
97.57,24.42,0,A,2
97.57,24.42,0,A,1
97.57,24.42,0,A,1
97.57,24.42,0,A,1
97.57,24.42,0,A,2
97.57,24.42,0,B,1
97.57,24.42,0,B,2
97.57,24.42,0,A,2
97.57,24.42,0,B,1
97.57,24.42,0,A,2
98.51,25.52,0,A,1
98.51,25.52,0,A,2
98.51,25.52,0,A,2
98.51,25.52,0,A,2
98.51,25.52,0,A,2
98.51,25.52,0,A,1
98.51,25.52,0,A,2
98.51,25.52,0,A,2
98.51,25.52,0,A,1
98.51,25.52,0,A,1
98.51,25.52,0,A,2
98.51,25.52,0,A,2
98.51,25.52,0,A,1
98.51,25.52,0,A,1
98.51,25.52,0,B,2
98.51,25.52,0,B,1
99.11,25.07,0,A,2
99.11,25.07,0,A,1
99.11,25.07,0,A,2
99.11,25.07,0,A,1
99.11,25.07,0,A,1
99.11,25.07,0,A,1
99.11,25.07,0,A,2
99.11,25.07,0,A,2
99.11,25.07,0,A,1
99.42,27.5,30,A,2
99.42,27.5,0,A,1
99.42,27.5,0,A,1
99.42,27.5,0,A,2
99.42,27.5,0,A,1
99.42,27.5,0,A,2
99.42,27.5,0,A,2
99.42,27.5,0,A,1
99.42,27.5,0,A,1
99.42,27.5,0,B,1
99.42,27.5,0,A,1
99.42,27.5,0,B,2
99.42,27.5,0,A,2
99.42,27.5,0,A,1
99.42,27.5,0,B,2
99.42,27.5,0,A,2
99.42,27.5,0,B,1
99.42,27.5,0,B,1
99.42,27.5,30,A,1
99.42,27.5,0,A,1
99.42,27.5,0,B,2
99.42,27.5,0,B,2
99.42,27.5,0,B,2
99.42,27.5,0,A,1
99.42,27.5,0,B,1
99.42,27.5,0,A,2
103.48,25.3,0,A,1
103.48,25.3,0,A,2
103.48,25.3,0,A,1
103.48,25.3,0,A,2
103.48,25.3,0,A,2
103.48,25.3,0,A,2
103.48,25.3,0,A,2
101.4,26.03,0,A,1
101.4,26.03,0,A,2
104.05,26.13,0,A,2
104.05,26.13,0,A,2
104.05,26.13,0,B,2
104.05,26.13,0,B,2
100.52,24.28,0,A,1
100.52,24.28,0,A,2
100.52,24.28,0,B,2
100.52,24.28,0,B,1
100.52,24.28,0,B,2
100.52,24.28,0,C,2
100.52,24.28,0,A,2
100.52,24.28,0,A,1
100.52,24.28,0,A,1
100.52,24.28,0,A,2
100.52,24.28,0,A,1
100.52,24.28,0,B,2
100.52,24.28,0,B,2
100.52,24.28,0,A,1
101.36,24.41,0,A,1
101.36,24.41,0,B,2
101.36,24.41,0,A,1
101.36,24.41,0,A,2
101.36,24.41,0,A,2
101.36,24.41,0,A,1
101.36,24.41,0,A,1
101.36,24.41,0,A,2
101.36,24.41,0,B,1
101.36,24.41,0,A,2
101.36,24.41,0,B,1
101.36,24.41,0,B,2
101.36,24.41,0,A,2
102.5,23.14,0,A,1
102.5,23.14,0,A,2
102.5,23.14,0,A,1
102.25,23,0,A,1
102.25,23,0,A,2
102.25,23,0,A,2
102.25,23,0,A,1
102.25,23,0,A,1
102.25,23,0,A,2
102.25,23,0,A,2
102.25,23,0,B,1
122.18,29.57,0,A,2
122.18,29.57,0,B,1
122.18,29.57,0,A,2
122.18,29.57,0,A,2
122.18,29.57,0,A,1
122.18,29.57,0,A,2
122.18,29.57,0,A,1
122.18,29.57,0,B,2
122.18,29.57,0,A,2
121.54,28.27,30,A,1
121.54,28.27,0,A,2
121.54,28.27,0,A,2
130.17,42.54,0,B,1
130.17,42.54,20,A,2
130.17,42.54,0,A,1
130.17,42.54,0,C,2
100.34,25.5,0,A,1
100.34,25.5,0,A,2
100.34,25.5,0,A,1
100.34,25.5,0,A,2
100.34,25.5,0,A,1
100.34,25.5,0,B,2
100.34,25.5,0,B,1
100.34,25.5,0,B,2
100.34,25.5,0,B,1
100.34,25.5,5,B,2
100.34,25.5,20,B,1
100.34,25.5,0,A,2
100.34,25.5,0,A,1
100.34,25.5,0,B,2
100.34,25.5,0,A,1
100.34,25.5,0,A,1
100.34,25.5,0,A,2
100.34,25.5,0,A,1
100.34,25.5,0,B,2
100.34,25.5,0,B,1
100.34,25.5,0,B,2
100.45,26.41,0,A,2
100.45,26.41,0,A,1
100.45,26.41,0,A,2
100.45,26.41,0,A,1
100.45,26.41,0,B,1
100.45,26.41,0,B,2
101.17,25.11,0,A,1
101.17,25.11,0,A,2
102.24,24.11,0,A,1
102.24,24.11,0,A,2
102.24,24.11,0,A,2
102.24,24.11,0,A,1
102.24,24.11,0,B,2
102.24,24.11,0,A,1
102.24,24.11,0,B,2
102.24,24.11,0,A,1
101.58,24.04,0,A,1
101.58,24.04,0,A,2
101.58,24.04,0,A,1
101.58,24.04,0,B,1
101.58,24.04,0,A,2
101.58,24.04,0,C,2
91.44,29.51,0,A,1
91.44,29.51,0,A,2
91.44,29.51,0,A,1
91.44,29.51,0,A,2
91.44,29.51,0,B,2
91.44,29.51,0,A,1
91.44,29.51,0,A,2
91.44,29.51,0,A,1
91.44,29.51,0,A,2
91.44,29.51,0,B,2
85.58,28.11,0,A,1
85.58,28.11,0,A,1
85.58,28.11,0,A,1
85.58,28.11,0,B,1
85.58,28.11,0,A,1
85.58,28.11,0,A,1
85.58,28.11,0,A,1
85.58,28.11,0,A,1
85.58,28.11,0,A,1
85.58,28.11,0,A,1
85.58,28.11,0,B,1
85.58,28.11,0,A,1
89.36,28.55,0,A,1
89.36,28.55,0,A,1
89.36,28.55,0,C,1
89.36,28.55,0,A,1
89.36,28.55,0,A,1
95.46,29.52,0,A,1
95.46,29.52,0,A,1
95.46,29.52,0,A,1
95.46,29.52,0,A,1
95.46,29.52,0,A,2
95.46,29.52,0,B,2
95.46,29.52,60,A,2
95.46,29.52,0,A,1
95.46,29.52,0,B,2
95.46,29.52,0,A,2
95.46,29.52,0,B,1
95.46,29.52,0,A,2
94.2,29.4,0,A,1
94.2,29.4,0,A,1
94.2,29.4,0,A,2
94.2,29.4,0,A,1
94.2,29.4,0,A,1
94.2,29.4,0,C,2
94.2,29.4,0,C,2
107.53,34.22,0,A,1
107.53,34.22,0,A,2
107.53,34.22,0,A,1
107.53,34.22,0,B,2
107.53,34.22,0,A,2
107.53,34.22,0,A,1
107.53,34.22,0,A,1
107.53,34.22,0,B,1
107.53,34.22,0,A,1
107.53,34.22,0,A,1
107.53,34.22,0,A,1
107.53,34.22,0,B,2
108.19,33.19,0,A,1
108.19,33.19,0,A,1
108.19,33.19,50,A,1
108.19,33.19,10,A,2
108.19,33.19,20,A,2
108.19,33.19,0,A,1
108.19,33.19,30,A,2
108.19,33.19,0,A,1
108.19,33.19,0,B,2
108.19,33.19,0,A,2
108.19,33.19,0,A,1
108.19,33.19,10,A,2
108.19,33.19,0,B,2
108.19,33.19,0,A,1
108.19,33.19,0,A,2
108.19,33.19,0,A,2
108.19,33.19,30,A,1
108.19,33.19,0,A,1
108.19,33.19,0,A,1
108.19,33.19,0,A,1
108.19,33.19,0,B,2
108.19,33.19,0,A,2
108.19,33.19,0,A,1
108.19,33.19,0,A,1
108.19,33.19,0,B,2
108.19,33.19,0,B,2
108.19,33.19,0,A,1
109.58,34.48,20,A,2
109.58,34.48,0,A,1
109.58,34.48,0,B,2
109.58,34.48,20,B,1
109.58,34.48,0,A,2
109.58,34.48,0,A,1
109.52,33.33,0,A,2
109.52,33.33,0,A,1
110.09,34.06,0,B,1
110.09,34.06,0,A,2
110.09,34.06,0,A,1
110.09,34.06,0,A,2
110.09,34.06,0,B,1
110.09,34.06,0,B,2
110.09,34.06,0,B,1
110.09,34.06,0,A,2
110.09,34.06,0,A,1
110.09,34.06,0,A,1
110.09,34.06,0,A,1
110.09,34.06,0,A,1
110.09,34.06,0,A,2
110.09,34.06,0,A,1
110.09,34.06,0,B,2
106.56,33.38,0,A,2
106.56,33.38,0,B,2
106.56,33.38,10,A,1
106.56,33.38,0,A,1
106.56,33.38,0,A,2
106.56,33.38,0,A,1
106.56,33.38,20,A,1
106.56,33.38,0,A,2
106.56,33.38,0,A,2
106.56,33.38,0,A,2
106.56,33.38,0,A,1
106.56,33.38,0,B,1
106.32,33.54,0,A,1
106.32,33.54,0,A,2
106.32,33.54,0,A,1
106.32,33.54,20,A,1
106.32,33.54,50,A,3
106.32,33.54,0,A,3
106.32,33.54,0,A,1
106.32,33.54,0,A,2
106.32,33.54,0,A,3
106.32,33.54,0,A,2
106.32,33.54,20,A,3
106.32,33.54,20,A,3
109.41,32.19,0,A,1
109.41,32.19,0,A,1
109.41,32.19,40,A,2
109.41,32.19,0,A,1
109.41,32.19,0,A,2
109.41,32.19,50,A,1
109.41,32.19,50,A,2
109.41,32.19,0,A,1
109.41,32.19,0,A,2
109.41,32.19,0,A,1
109.41,32.19,0,A,2
109.41,32.19,0,A,2
109.41,32.19,0,A,1
109.41,32.19,0,A,2
109.41,32.19,0,A,2
109.41,32.19,0,A,2
109.41,32.19,0,A,1
109.41,32.19,0,A,1
109.41,32.19,0,A,2
107.01,35.18,0,A,1
107.01,35.18,0,A,2
107.01,35.18,0,B,1
107.01,35.18,10,A,2
106.5,34.54,0,A,1
106.5,34.54,0,A,2
106.5,34.54,0,A,1
106.5,34.54,0,B,2
106.5,34.54,0,A,1
106.5,34.54,0,A,2
106.5,34.54,0,A,1
106.5,34.54,0,A,2
106.5,34.54,0,A,1
106.5,34.54,0,A,2
106.5,34.54,0,A,1
106.5,34.54,0,B,2
106.5,34.54,0,A,2
106.5,34.54,0,B,1
106.5,34.54,0,A,1
106.5,34.54,0,A,2
94.52,39.31,0,A,1
94.52,39.31,0,A,2
94.52,39.31,0,A,1
94.52,39.31,0,A,2
94.52,39.31,0,A,1
94.52,39.31,0,A,2
94.52,39.31,0,A,2
94.52,39.31,0,A,2
94.52,39.31,0,A,2
94.52,39.31,0,B,1
94.52,39.31,0,C,1
94.52,39.31,0,A,2
94.52,39.31,0,C,1
94.52,39.31,0,A,1
94.52,39.31,0,A,1
94.52,39.31,0,A,1
94.52,39.31,0,A,2
97.02,41.48,0,A,1
97.02,41.48,0,A,2
97.02,41.48,0,B,1
97.02,41.48,0,A,1
97.02,41.48,0,A,2
97.02,41.48,0,C,1
97.02,41.48,0,B,2
97.02,41.48,90,A,1
97.02,41.48,90,A,2
98.29,39.46,0,A,1
98.29,39.46,0,B,2
98.29,39.46,0,C,1
98.29,39.46,0,A,1
98.29,39.46,0,B,2
103.57,36.21,100,B,1
103.57,36.21,100,B,1
103.57,36.21,100,B,2
103.57,36.21,100,B,1
103.57,36.21,100,B,2
103.57,36.21,100,A,1
103.57,36.21,100,A,1
103.57,36.21,100,A,1
103.57,36.21,100,A,2
103.57,36.21,100,A,1
103.57,36.21,100,B,2
103.57,36.21,100,B,2
104.09,35.52,0,A,1
104.09,35.52,50,A,2
104.09,35.52,0,B,2
104.09,35.52,0,A,1
104.09,35.52,0,A,2
104.09,35.52,0,B,1
104.09,35.52,0,C,1
104.09,35.52,0,B,2
102.3,34.35,0,A,1
102.3,34.35,0,B,1
102.3,34.35,0,B,2
102.3,34.35,0,A,1
102.3,34.35,0,A,2
102.3,34.35,0,A,1
102.3,34.35,0,A,2
102.3,34.35,0,A,1
102.3,34.35,0,B,2
102.3,34.35,0,C,1
102.3,34.35,0,C,2
102.3,34.35,0,C,1
102.3,34.35,0,A,1
102.3,34.35,0,A,1
102.54,35,0,A,1
102.54,35,0,Ｂ,2
102.54,35,0,C,2
105.36,33.2,80,B,1
105.36,33.2,0,A,1
105.36,33.2,0,B,1
105.36,33.2,0,B,1
105.36,33.2,80,B,1
105.36,33.2,0,B,1
105.36,33.2,0,B,1
105.36,33.2,0,B,2
105.36,33.2,10,B,1
105.36,33.2,0,B,2
105.36,33.2,0,B,1
105.36,33.2,0,B,2
105.36,33.2,0,B,1
105.36,33.2,50,B,1
105.36,33.2,70,B,1
105.36,33.2,0,B,1
105.36,33.2,0,B,1
105.36,33.2,10,B,1
105.36,33.2,80,B,1
105.36,33.2,0,B,1
105.36,33.2,0,B,1
105.36,33.2,0,B,1
105.36,33.2,0,B,1
105.36,33.2,80,B,1
105.36,33.2,0,B,2
105.36,33.2,50,B,1
105.36,33.2,0,A,1
105.36,33.2,0,B,2
105.36,33.2,0,A,1
105.36,33.2,0,A,1
105.36,33.2,0,B,1
105.36,33.2,0,A,1
105.36,33.2,50,B,2
105.36,33.2,0,B,1
103.11,36.59,0,B,1
103.11,36.59,0,A,1
103.11,36.59,0,Ａ,2
103.11,36.59,0,B,1
103.11,36.59,0,A,2
102.54,37.28,0,B,1
102.54,37.28,0,B,2
102.54,37.28,0,B,1
102.54,37.28,0,A,2
102.54,37.28,0,C,1
102.54,37.28,0,B,1
102.54,37.28,0,A,2
102.54,37.28,0,B,2
103.52,35.22,0,A,2
103.52,35.22,0,B,1
103.52,35.22,0,A,2
103.52,35.22,0,A,1
103.52,35.22,0,A,1
103.52,35.22,0,A,2
103.52,35.22,0,A,2
103.52,35.22,0,C,1
103.52,35.22,0,C,1
103.52,35.22,0,B,1
103.52,35.22,0,C,1
103.52,35.22,0,C,2
103.52,35.22,0,C,1
103.52,35.22,0,C,2
104.01,34.26,0,A,1
104.01,34.26,20,A,2
103.05,38.38,0,B,1
103.05,38.38,0,A,1
103.05,38.38,0,Ａ,2
103.05,38.38,0,B,2
103.05,38.38,0,B,1
103.05,38.38,0,A,2
103.05,38.38,0,B,1
103.05,38.38,0,A,2
103.05,38.38,0,A,2
103.05,38.38,0,A,1
103.05,38.38,0,Ａ,1
103.05,38.38,0,A,1
103.05,38.38,0,B,1
103.05,38.38,0,B,2
103.05,38.38,0,B,2
103.05,38.38,0,B,2
103.05,38.38,50,A,2
103.05,38.38,0,A,2
103.05,38.38,0,B,1
106.09,34.45,0,B,1
106.09,34.45,0,A,2
106.09,34.45,0,B,1
106.09,34.45,0,B,1
106.09,34.45,0,B,2
106.09,34.45,0,B,1
106.09,34.45,0,A,2
106.09,34.45,0,B,1
106.09,34.45,0,B,1
106.09,34.45,0,B,2
106.09,34.45,0,B,1
106.09,34.45,0,B,2
106.09,34.45,0,C,1
106.09,34.45,0,B,2
106.09,34.45,0,B,1
106.09,34.45,0,B,2
106.09,34.45,0,C,2
106.09,34.45,0,A,2
106.09,34.45,0,B,1
106.09,34.45,0,B,2
106.4,35.33,0,B,1
106.4,35.33,27,A,2
106.4,35.33,0,B,1
106.4,35.33,80,B,1
106.4,35.33,0,A,1
106.4,35.33,50,B,2
106.4,35.33,0,A,1
106.4,35.33,0,C,2
106.4,35.33,0,B,1
106.4,35.33,0,A,2
106.4,35.33,0,A,1
106.4,35.33,0,A,2
106.4,35.33,0,A,2
106.4,35.33,0,A,1
106.4,35.33,0,A,2
106.4,35.33,80,A,2
106.4,35.33,0,B,2
106.4,35.33,0,B,1
106.4,35.33,0,A,2
106.4,35.33,0,B,1
94.4,41.32,0,A,2
94.4,41.32,0,A,1
94.4,41.32,0,A,2
94.4,41.32,0,A,2
94.4,41.32,0,C,1
108.24,35.29,0,A,1
108.24,35.29,60,A,1
108.24,35.29,0,B,2
108.24,35.29,0,A,1
108.24,35.29,0,B,2
108.24,35.29,0,A,1
108.24,35.29,0,A,2
108.24,35.29,60,A,1
108.24,35.29,60,A,2
108.24,35.29,0,A,2
108.24,35.29,0,A,2
108.24,35.29,0,A,1
108.24,35.29,0,A,2
108.24,35.29,0,C,1
108.24,35.29,0,A,1
108.24,35.29,0,A,1
108.24,35.29,0,A,1
108.24,35.29,0,A,2
108.24,35.29,0,B,2
108.24,35.29,0,A,2
100.29,36.35,0,A,1
100.29,36.35,0,A,1
100.29,36.35,0,A,2
100.29,36.35,0,A,2
100.29,36.35,0,A,1
100.29,36.35,0,A,2
100.29,36.35,0,A,1
101.58,38.14,0,B,1
101.58,38.14,0,A,2
101.58,38.14,100,A,1
101.58,38.14,0,A,1
101.58,38.14,0,A,2
101.58,38.14,5,A,2
101.58,38.14,0,A,2
101.58,38.14,80,A,1
101.58,38.14,80,A,2
101.58,38.14,0,A,2
101.58,38.14,0,A,2
101.58,38.14,0,A,1
105.11,37.32,0,B,1
105.11,37.32,0,A,2
105.11,37.32,0,B,1
105.11,37.32,0,B,2
105.11,37.32,0,A,1
105.11,37.32,0,A,2
105.11,37.32,0,B,1
105.11,37.32,0,B,1
105.11,37.32,0,A,2
105.11,37.32,0,A,2
105.11,37.32,0,A,2
106.22,38.5,0,B,1
106.22,38.5,0,A,2
106.22,38.5,0,B,2
106.22,38.5,0,A,1
106.22,38.5,0,A,2
106.22,38.5,0,A,2
106.22,38.5,0,A,1
106.22,38.5,0,B,2
106.22,38.5,0,A,1
106.22,38.5,0,A,1
106.22,38.5,0,A,2
106.22,38.5,0,C,1
106.22,38.5,0,C,2
106.22,38.5,0,A,1
106.22,38.5,0,A,1
106.22,38.5,0,A,1
106.22,38.5,0,A,2
106.22,38.5,0,A,2
106.22,38.5,9,A,1
106.22,38.5,0,A,1
106.22,38.5,0,A,2
106.22,38.5,0,A,2
106.12,35.4,100,A,1
106.12,35.4,100,A,2
106.12,35.4,0,A,1
106.12,35.4,0,A,2
106.12,35.4,0,A,1
106.12,35.4,0,A,2
106.12,35.4,0,A,2
106.12,35.4,0,C,1
106.12,35.4,0,A,1
106.12,35.4,0,B,2
106.12,35.4,0,A,1
106.12,35.4,0,A,2
106.12,35.4,0,A,1
106.12,35.4,0,A,1
106.12,35.4,0,A,2
106.12,35.4,0,A,2
106.12,35.4,0,A,1
106.12,35.4,0,A,1
106.12,35.4,0,A,2
106.12,35.4,0,A,1
106.12,35.4,0,C,2
87.55,44.1,0,A,2
87.55,44.1,0,A,1
87.55,44.1,0,A,2
87.55,44.1,0,A,1
87.55,44.1,5,A,2
87.55,44.1,0,A,1
87.55,44.1,0,B,1
87.55,44.1,15,A,2
87.55,44.1,0,A,1
87.55,44.1,0,A,1
87.55,44.1,0,A,1
87.55,44.1,0,A,2
87.55,44.1,0,A,1
87.55,44.1,0,A,2
87.55,44.1,0,A,1
87.55,44.1,0,A,2
87.55,44.1,0,A,1
87.55,44.1,0,C,2
87.55,44.1,5,A,2
87.55,44.1,0,A,2
87.55,44.1,0,B,1
87.55,44.1,0,B,2
86.34,42.05,0,A,1
86.34,42.05,0,A,2
86.34,42.05,0,A,1
86.34,42.05,5,A,2
86.34,42.05,10,A,1
86.34,42.05,0,A,1
86.34,42.05,0,A,2
86.34,42.05,0,A,1
86.34,42.05,5,B,2
86.34,42.05,40,A,1
86.34,42.05,0,A,2
86.34,42.05,10,A,2
86.34,42.05,10,A,2
86.34,42.05,40,A,2
86.34,42.05,0,A,1
88.13,42.14,0,A,2
84.09,43.02,70,A,1
84.09,43.02,70,A,2
84.09,43.02,0,B,1
84.09,43.02,0,A,2
84.09,43.02,0,B,1
84.09,43.02,0,B,2
84.09,43.02,80,B,1
84.09,43.02,80,A,2
84.09,43.02,0,B,1
84.09,43.02,0,B,2
84.09,43.02,0,B,1
84.09,43.02,0,B,2
86.24,48.03,0,A,1
86.24,48.03,0,B,2
86.24,48.03,80,A,2
86.24,48.03,0,B,1
86.24,48.03,0,A,2
86.24,48.03,0,B,1
86.24,48.03,0,B,2
86.24,48.03,0,B,1
86.24,48.03,0,B,2
86.24,48.03,80,B,1
86.24,48.03,0,B,2
85.37,44.2,0,A,1
85.37,44.2,0,B,1
85.37,44.2,0,B,2
85.37,44.2,0,A,2
85.37,44.2,70,B,1
85.37,44.2,70,A,2
85.37,44.2,0,B,2
85.37,44.2,0,B,1
85.37,44.2,0,B,2
85.37,44.2,0,B,1
82.04,44.54,0,A,2
82.04,44.54,0,A,1
82.04,44.54,0,A,2
82.04,44.54,0,A,1
82.04,44.54,0,A,2
82.04,44.54,70,B,2
82.04,44.54,0,A,1
82.04,44.54,70,A,1
82.04,44.54,70,A,2
82.04,44.54,70,A,1
82.04,44.54,0,A,2
82.04,44.54,0,A,2
82.04,44.54,0,A,2
82.04,44.54,0,A,2
82.04,44.54,0,A,1
82.04,44.54,0,A,1
82.04,44.54,0,B,1
82.04,44.54,0,B,1
82.49,44.34,0,A,2
82.49,44.34,0,B,1
82.49,44.34,0,A,2
82.49,44.34,70,B,1
82.49,44.34,70,A,2
82.49,44.34,0,A,1
82.49,44.34,0,A,2
82.49,44.34,0,A,1
82.49,44.34,0,A,1
82.49,44.34,0,A,2
82.49,44.34,0,A,1
82.49,44.34,0,A,2
87.39,43.58,0,B,1
87.39,43.58,0,C,1
87.39,43.58,0,B,1
87.39,43.58,0,B,2
87.39,43.58,0,B,1
87.39,43.58,100,B,1
87.39,43.58,100,A,2
87.39,43.58,0,B,2
87.39,43.58,0,B,2
87.39,43.58,0,B,1
87.39,43.58,0,B,2
88.07,43.53,0,B,1
88.07,43.53,0,A,2
83,46.44,0,A,1
83,46.44,0,B,1
83,46.44,0,A,2
83,46.44,0,A,2
83,46.44,0,A,2
83,46.44,0,A,2
83,46.44,100,A,1
83,46.44,100,A,2
88.05,47.44,0,A,1
88.05,47.44,0,A,2
88.05,47.44,0,B,1
88.05,47.44,0,B,2
88.05,47.44,0,B,2
88.05,47.44,0,B,2
88.05,47.44,0,A,1
88.05,47.44,0,A,2
88.05,47.44,0,B,1
115.5,40.53,0,B,1
115.5,40.53,0,B,1
115.5,40.53,0,A,2
115.5,40.53,0,B,1
115.5,40.53,0,A,2
115.5,40.53,0,B,1
115.5,40.53,0,A,1
115.5,40.53,0,B,2
115.5,40.53,0,A,2
115.58,40.27,0,B,1
115.58,40.27,40,B,1
115.58,40.27,0,A,1
115.58,40.27,0,B,1
115.58,40.27,0,A,2
115.58,40.27,40,A,2
115.58,40.27,0,A,1
116.13,40.13,0,A,1
116.13,40.13,0,A,2
116.13,40.13,0,A,1
116.13,40.13,0,A,1
116.13,40.13,0,A,1
116.13,40.13,0,A,2
116.13,40.13,0,A,1
116.13,40.13,0,B,2
116.13,40.13,0,A,1
116.13,40.13,0,A,2
116.13,40.13,0,A,2
116.13,40.13,0,A,1
116.13,40.13,0,A,2
116.13,40.13,0,A,1
114.5,38.02,100,A,1
114.5,38.02,100,A,2
114.41,37.01,0,A,1
114.41,37.01,0,A,1
114.41,37.01,0,A,1
119.12,39.44,0,A,1
119.12,39.44,0,A,1
119.12,39.44,0,A,2
120.18,40.2,0,B,1
120.18,40.2,0,A,1
120.18,40.2,0,B,1
120.18,40.2,0,A,1
120.18,40.2,0,C,2
120.18,40.2,0,C,2
111.33,36.39,0,C,1
111.33,36.39,0,B,1
111.33,36.39,0,A,2
111.33,36.39,0,B,1
111.33,36.39,0,A,2
111.33,36.39,0,A,1
111.33,36.39,0,A,2
111.4,35.17,0,B,2
111.4,35.17,0,A,1
111.4,35.17,0,A,2
111.4,35.17,10,A,1
111.4,35.17,0,A,2
111.4,35.17,0,A,1
111.4,35.17,0,A,1
111.4,35.17,0,A,2
111.4,35.17,0,A,2
111.4,35.17,0,A,2
111.4,35.17,0,A,1
111.4,35.17,0,A,2
111.4,35.17,0,A,1
121.07,31.08,0,A,1
121.07,31.08,0,A,1
121.07,31.08,0,A,2
115.3,40.25,0,A,1
115.3,40.25,0,A,1
115.3,40.25,0,A,2
115.3,40.25,0,A,1
115.3,40.25,0,A,2
115.3,40.25,0,A,1
115.3,40.25,0,B,2
115.3,40.25,0,A,1
115.3,40.25,0,A,2
115.3,40.25,0,A,1
115.3,40.25,0,A,2
121.05,32.06,0,A,1
121.05,32.06,0,A,1
121.05,32.06,0,B,2
116.11,33.29,70,A,1
116.11,33.29,0,B,1
116.31,33.16,0,A,1
116.31,33.16,0,A,1
117.18,31.47,0,A,1
117.18,31.47,0,A,1
117.12,32.59,61,A,1
117.12,32.59,0,A,1
117.08,31.44,0,A,1
117.08,31.44,0,A,1
117.08,31.44,20,A,1
117.08,31.44,0,A,1
117.08,31.44,0,A,1
117.08,31.44,0,A,2
117.08,31.44,0,B,1
117.08,31.44,0,A,2
118.05,31.45,0,A,1
116.27,30.44,0,A,1
116.27,30.44,0,A,1
116.22,30.52,0,A,1
116.22,30.52,0,B,1
116.22,30.52,0,A,1
117.23,24.31,0,B,2
117.23,24.31,0,B,1
117.23,24.31,0,A,2
117.23,24.31,5,A,1
117.23,24.31,5,A,2
117.23,24.31,0,B,1
117.23,24.31,0,A,2
117.45,24.37,0,A,1
117.45,24.37,0,B,1
117.45,24.37,0,A,1
117.45,24.37,0,A,2
117.45,24.37,0,A,1
117.45,24.37,0,A,2
117.09,26.24,0,A,1
117.09,26.24,0,B,1
117.09,26.24,0,B,1
117.09,26.24,0,B,2
117.09,26.24,0,A,1
117.09,26.24,0,B,2
117.48,26.48,0,A,1
117.48,26.48,0,B,1
117.48,26.48,0,A,2
117.48,26.48,0,B,1
117.48,26.48,0,A,2
117.48,26.48,0,B,1
117.48,26.48,0,B,1
114.17,26.45,0,B,2
114.17,26.45,0,B,2
114.17,26.45,0,B,1
114.17,26.45,0,C,2
114.17,26.45,5,A,1
114.17,26.45,0,A,2
114.17,26.45,0,A,1
114.17,26.45,0,B,2
117.56,29.56,0,B,1
117.56,29.56,0,B,1
118.11,29.47,0,B,1
118.11,29.47,0,C,1
118.11,29.47,0,C,1
114.18,25.42,0,A,2
114.18,25.42,0,A,1
114.18,25.42,0,A,2
114.18,25.42,0,B,1
114.18,25.42,0,A,1
114.18,25.42,0,B,1
114.18,25.42,0,A,1
114.18,25.42,0,A,1
114.18,25.42,0,A,2
114.18,25.42,0,A,2
114.18,25.42,0,A,2
114.18,25.42,0,A,2
114.56,24.27,0,A,1
114.56,25.24,0,A,1
115.22,28.52,0,B,1
115.22,28.52,0,A,2
115.22,28.52,0,A,1
115.07,29.15,0,B,1
115.07,29.15,0,B,2
115.07,29.15,0,A,2
115.07,29.15,0,A,1
115.07,29.15,0,A,2
117.12,37,0,A,1
117.12,37,0,A,1
117.12,37,0,B,1
117.12,37,0,C,1
117.12,37,0,A,1
117.12,37,0,A,2
117.12,37,0,C,2
117.12,37,0,A,1
117.12,37,0,B,2
117.12,37,0,A,1
117.12,37,0,A,2
117.12,37,0,A,2
117.12,37,0,A,1
117.12,37,0,A,1
117.08,37.19,0,A,1
117.08,37.19,50,A,1
117.08,37.19,50,A,2
117.33,36.41,0,A,1
116.45,36.47,0,A,1
116.45,36.47,0,C,2
116.45,36.47,0,A,1
117.09,36.1,0,B,1
117.09,36.1,80,A,1
117.09,36.1,0,A,1
117.09,36.1,0,B,1
117.09,36.1,0,C,2
117.09,36.1,0,A,1
117.09,36.1,0,A,2
117.09,36.1,80,A,1
117.09,36.1,80,A,2
116.36,35.26,0,B,1
116.36,35.26,0,A,1
116.36,35.26,0,A,1
116.36,35.26,0,B,1
116.36,35.26,0,A,1
116.36,35.26,0,A,1
116.36,35.26,0,A,1
116.36,35.26,0,C,1
116.36,35.26,0,B,1
116.36,35.26,0,B,2
120.44,36.58,0,A,1
120.44,36.58,0,A,1
120.44,36.58,0,A,1
120.44,36.58,0,A,2
120.44,36.58,0,A,1
111.03,35.03,0,A,1
111.03,35.03,0,B,1
111.03,35.03,0,A,1
111.03,35.03,0,A,2
111.03,35.03,0,A,2
111.03,35.03,0,A,1
113.02,34.57,0,A,1
112.54,35.03,0,A,1
112.54,35.03,0,A,1
112.54,35.03,0,A,2
112.54,35.03,0,A,1
112.54,35.03,0,A,2
113.05,35.09,0,A,1
113.05,35.09,0,B,1
113.05,35.09,0,A,2
113.05,35.09,0,A,1
114.47,34.32,70,A,1
114.47,34.32,70,A,1
114.47,34.32,100,A,2
114.47,34.32,0,A,1
114.47,34.32,0,A,1
114.47,34.32,0,A,2
114.47,34.32,0,B,2
115.09,34.39,80,C,1
115.1,33.39,0,A,1
115.1,33.39,0,A,1
115.1,33.39,60,A,1
115.1,33.39,0,A,1
115.1,33.39,60,A,1
115.1,33.39,15,A,2
115.1,33.39,0,A,1
115.1,33.39,0,A,2
115.04,33.24,0,A,1
111.52,33.03,0,B,1
111.52,33.03,0,C,1
111.52,33.03,75,B,1
111.52,33.03,0,B,1
111.52,33.03,0,B,2
111.52,33.03,0,A,1
111.52,33.03,0,B,2
111.44,32.26,0,B,2
113.57,30.54,0,B,1
112.54,30.24,0,A,1
112.54,30.24,0,A,1
112.13,31,0,B,1
114.03,30.36,100,B,1
114.03,30.36,100,A,1
113.38,28.09,0,A,1
113.38,28.09,0,A,1
113.38,28.09,0,A,2
113.1,27.52,0,A,1
114.15,23.47,0,A,1
114.15,23.47,0,A,2
114.15,23.47,0,A,1
114.15,23.47,0,A,2
114.15,23.47,0,A,1
114.12,24.03,0,A,1
114.12,24.03,0,A,1
114.12,24.03,0,C,2
113.29,23.13,0,A,1
113.29,23.13,0,A,1
113.29,23.13,10,B,1
113.29,23.13,0,A,1
113.29,23.13,5,A,2
113.29,23.13,5,A,2
113.29,23.13,10,A,1
113.29,23.13,0,A,1
108.1,23.43,0,A,1
108.1,23.43,0,A,1
106.16,24.16,0,B,1
106.16,24.16,0,B,1
106.16,24.16,0,A,2
106.16,24.16,0,A,1
106.16,24.16,0,B,2
109.26,19.14,0,A,2
109.26,19.14,0,B,2
109.26,19.14,0,A,2
109.26,19.14,0,A,2
109.26,19.14,0,B,1
109.26,19.14,0,A,2
107.59,33.31,0,A,2
107.59,33.31,0,A,1
107.59,33.31,0,A,2
107.59,33.31,0,A,1
107.59,33.31,0,A,2
107.59,33.31,0,A,1
107.59,33.31,0,A,2
107.59,33.31,0,A,1
107.59,33.31,0,A,2
107.59,33.31,0,B,1
107.59,33.31,0,B,2
107.59,33.31,0,B,1
107.59,33.31,0,A,1
107.59,33.31,0,A,2
107.59,33.31,0,B,2
109.11,34.47,100,A,1
109.11,34.47,100,B,1
109.11,34.47,0,A,1
109.11,34.47,0,A,1
109.11,34.47,100,A,1
109.11,34.47,100,A,2
109.11,34.47,0,A,2
109.11,34.47,100,A,2
109.11,34.47,100,A,1
109.29,34.31,0,B,1
109.29,34.31,0,A,1
109.29,34.31,0,A,2
116.28,42.11,0,A,1
116.28,42.11,0,B,1
116.28,42.11,0,C,1
116.28,42.11,0,A,2
116.28,42.11,0,B,1
116.28,42.11,0,B,2
116.28,42.11,30,B,1
116.28,42.11,0,B,2
116.28,42.11,0,C,1
116.28,42.11,0,C,1
116.28,42.11,0,C,2
116.28,42.11,0,B,2
116.28,42.11,0,B,2
117.55,40.58,0,B,2
117.55,40.58,0,A,1
117.55,40.58,0,B,1
117.55,40.58,0,B,1
117.55,40.58,0,B,1
117.55,40.58,0,A,1
117.55,40.58,0,A,2
117.55,40.58,0,A,2
117.55,40.58,0,B,2
117.55,40.58,0,A,2
117.55,40.58,0,B,1
117.55,40.58,0,A,2
111.49,38.55,0,B,1
111.49,38.55,0,A,1
111.49,38.55,0,A,2
111.1,36.59,0,B,2
111.1,36.59,0,A,1
111.1,36.59,0,B,2
111.1,36.59,5,A,2
111.1,36.59,0,A,1
111.1,36.59,0,A,1
112.12,35.42,0,B,2
112.12,35.42,0,A,1
112.12,35.42,0,A,1
112.12,35.42,0,A,2
112.12,35.42,0,1,1
112.12,35.42,0,B,2
112.12,35.42,0,C,2
112.12,35.42,0,A,2
112.12,35.42,0,A,1
112.12,35.42,0,A,2
112.12,35.42,0,A,1
112.12,35.42,0,B,1
112.15,36.1,0,A,2
112.15,36.1,0,A,1
112.21,36.31,0,A,2
112.21,36.31,0,B,2
112.21,36.31,0,A,1
112.21,36.31,0,A,2
112.21,36.31,0,A,1
112.21,36.31,0,B,2
112.21,36.31,0,A,1
112.21,36.31,0,A,1
123.17,40.17,0,C,2
123.17,40.17,30,A,2
123.17,40.17,30,A,2
123.17,40.17,10,B,2
123.17,40.17,15,A,2
123.17,40.17,15,A,2
123.17,40.17,0,C,2
123.17,40.17,0,B,2
123.17,40.17,0,A,2
123.17,40.17,0,A,2
123.17,40.17,0,A,2
122.09,40.1,0,A,2
120.42,42.2,0,A,1
120.42,42.2,0,A,2
120.42,42.2,0,B,1
120.42,42.2,0,B,2
120.42,42.2,0,A,1
120.42,42.2,5,A,2
120.42,42.2,0,A,1
120.42,42.2,0,A,2
120.42,42.2,0,A,1
120.42,42.2,0,A,2
120.42,42.2,5,A,1
120.42,42.2,0,A,2
117.51,36.31,0,A,1
117.51,36.31,0,A,2
111.46,34.46,0,A,1
111.46,34.46,0,A,2
111.16,31.53,0,A,1
111.16,31.53,0,A,2
100.11,25.42,0,A,1
100.11,25.42,0,A,2
100.11,25.42,0,A,1
100.11,25.42,0,A,2
100.11,25.42,0,B,2
99.17,28.43,0,A,2
99.17,28.43,0,B,1
99.17,28.43,0,A,2
99.17,28.43,0,A,1
99.17,28.43,0,A,2
99.17,28.43,0,A,1
99.17,28.43,0,A,1
99.17,28.43,0,A,2
99.17,28.43,0,A,2
99.17,28.43,0,B,1
99.17,28.43,0,A,1
99.17,28.43,0,A,2
99.17,28.43,0,A,1
99.17,28.43,0,B,1
99.17,28.43,0,B,1
99.17,28.43,0,A,2
99.17,28.43,0,A,2
104.12,35.08,5,A,1
104.12,35.08,0,A,2
100.1,39.09,0,C,1
100.1,39.09,0,A,1
100.1,39.09,0,A,2
100.1,39.09,0,A,2
100.1,39.09,0,A,2
121.29,45.04,0,B,2
121.29,45.04,0,B,2
121.29,45.04,0,A,1
121.29,45.04,0,A,1
121.29,45.04,0,B,2
121.49,44.54,0,A,2
121.49,44.54,0,A,1
121.49,44.54,0,A,2
121.49,44.54,0,A,1
121.49,44.54,0,A,2
121.49,44.54,0,A,2
126.31,44.51,0,A,2
126.31,44.51,0,A,1
126.31,44.51,0,A,2
126.31,44.51,0,A,1
126.31,44.51,0,B,2
126.31,44.51,0,A,1
126.56,44.23,0,B,1
126.56,44.23,0,A,2
126.56,44.23,0,B,1
122.5,45.38,0,B,1
122.5,45.38,0,B,2
122.5,45.38,0,B,2
122.5,45.38,0,A,1
122.5,45.38,0,B,1
122.5,45.38,0,A,2
122.5,45.38,0,B,1
122.5,45.38,0,C,2
122.5,45.38,0,C,1
122.5,45.38,0,B,1
122.5,45.38,0,C,2
122.5,45.38,0,B,2
122.5,45.38,0,B,1
122.5,45.38,0,B,2
122.5,45.38,0,A,2
122.5,45.38,0,A,1
122.5,45.38,0,A,2
122.5,45.38,0,A,1
122.5,45.38,0,B,2
122.5,45.38,0,A,1
106.59,26.27,0,C,1
106.59,26.27,0,B,2
100.58,22.47,0,B,2
101.35,21.28,0,B,1
101.35,21.28,0,A,1
101.35,21.28,0,A,2
101.35,21.28,0,A,2
101.35,21.28,0,A,1
101.35,21.28,0,A,1
101.35,21.28,0,A,2
101.35,21.28,0,A,2
99.5,39.22,0,C,1
99.5,39.22,0,A,2
99.5,39.22,0,B,1
99.5,39.22,0,C,2
99.5,39.22,0,C,1
99.5,39.22,10,B,2
119.45,49.09,0,A,1
119.45,49.09,0,A,1
119.45,49.09,0,A,1
126.38,51.44,0,A,2
126.38,51.44,0,A,1
126.38,51.44,0,A,2
126.38,51.44,0,C,2
126.38,51.44,0,B,1
126.38,51.44,0,A,2
126.38,51.44,0,A,2
117.42,28.17,0,A,2
117.42,28.17,0,A,1
116.04,37.13,0,C,1
116.04,37.13,0,A,2
118.55,24.54,0,A,1
118.55,24.54,0,A,2
103.36,29.44,0,A,2
103.36,29.44,0,A,1
103.36,29.44,0,A,1
103.36,29.44,0,A,2
103.36,29.44,0,A,2
103.36,29.44,0,A,1
103.36,29.44,0,A,2
103.36,29.44,0,A,2
103.36,29.44,0,A,1
101.4,23.25,0,A,1
101.4,23.25,0,A,1
101.4,23.25,0,A,2
101.4,23.25,0,A,1
101.4,23.25,0,A,2
98.18,24.49,0,A,1
98.18,24.49,0,A,2
98.52,26.54,0,A,1
98.52,26.54,0,A,2
115.02,24.47,0,A,1
115.02,24.47,0,A,2
91.41,29.02,0,B,1
91.41,29.02,0,C,1
91.41,29.02,0,A,1
91.41,29.02,0,A,1
87.11,43.27,0,A,1
87.11,43.27,0,A,2
87.11,43.27,0,A,1
87.11,43.27,0,C,2
87.11,43.27,0,B,2
118.14,25.29,0,A,1
118.14,25.29,0,B,2
117.1,26.54,0,B,1
117.1,26.54,0,B,2
117.1,26.54,0,B,1
117.1,26.54,0,B,2
108.37,23.26,0,A,1
108.37,23.26,0,A,2
108.37,23.26,0,C,1
108.37,23.26,0,C,2
108.04,34.17,0,B,1
108.04,34.17,0,A,2
108.04,34.17,0,B,1
108.04,34.17,0,C,2
104.55,33.24,0,B,1
102.46,30.04,0,A,1
102.46,30.04,0,A,2
119.14,39.54,0,C,1
120.54,44.34,0,C,1
120.54,44.34,0,B,1
120.54,44.34,0,A,2
120.54,44.34,0,A,2
120.54,44.34,0,C,1
120.54,44.34,0,B,2
120.54,44.34,0,C,2
120.54,44.34,0,C,2
120.54,44.34,0,C,1
120.54,44.34,0,C,1
120.54,44.34,0,B,2
120.54,44.34,0,B,1
120.54,44.34,0,C,1
120.54,44.34,0,A,1
123.27,46.24,0,C,1
123.27,46.24,0,C,2
123.27,46.24,0,C,1
123.27,46.24,0,C,2
123.27,46.24,0,C,1
123.27,46.24,0,C,2
123.27,46.24,0,C,1
123.27,46.24,0,C,2
123.27,46.24,0,C,2
123.27,46.24,0,C,1
123.27,46.24,0,C,2
123.27,46.24,0,C,1
123.27,46.24,0,C,2
123.27,46.24,0,B,1
123.27,46.24,0,C,2
123.27,46.24,0,C,1
123.27,46.24,0,C,2
123.27,46.24,0,B,1
123.27,46.24,0,C,2
123.27,46.24,0,C,1
123.27,46.24,0,C,2
121.57,41.17,0,C,1
121.57,41.17,0,A,2
121.57,41.17,0,B,1
121.57,41.17,0,A,2
120.59,32.05,0,C,2
83.39,46.33,0,B,2
83.39,46.33,0,B,1
83.39,46.33,0,B,2
83.39,46.33,0,B,1
117.48,26.24,0,B,2
117.48,26.24,0,B,2
116,42.14,0,A,1
116,42.14,0,A,2
116,42.14,0,A,1
116,42.14,0,A,2
116,42.14,0,A,1
116,42.14,0,B,2
111.41,41.32,0,A,1
111.41,41.32,0,A,1
111.41,41.32,0,C,2
113.5,42.14,0,A,1
113.5,42.14,0,C,2
113.5,42.14,0,A,1
113.5,42.14,0,A,2
120.03,43.53,0,C,1
120.03,43.53,0,C,2
122.49,45.2,0,B,1
117.19,49.35,0,A,2
111.56,43.38,0,A,1
111.56,43.38,0,A,2
111.56,43.38,0,A,1
111.56,43.38,0,B,2
111.56,43.38,0,A,1
111.56,43.38,0,C,2
111.56,43.38,0,C,2
111.56,43.38,0,C,1
115.58,36.25,0,A,1
115.58,36.25,0,A,2
114.25,35.02,0,A,1
104.25,23.02,0,A,1
104.25,23.02,0,A,2
104.25,23.02,0,A,1
99.22,25.54,0,A,1
99.22,25.54,0,A,2
98.06,36.18,0,A,1
98.06,36.18,0,A,1
98.06,36.18,0,A,1
98.06,36.18,0,A,1
98.06,36.18,0,B,1
98.06,36.18,0,A,2
98.06,36.18,0,A,2
98.06,36.18,0,B,1
98.06,36.18,0,A,2
98.06,36.18,0,B,1
98.06,36.18,0,A,2
87.58,47.06,0,A,2
110.22,31.02,0,A,1
117.46,41.58,0,A,2
117.46,41.58,0,C,1
118.02,27.46,0,A,2
102.51,29.47,0,C,1
102.51,29.47,0,A,2
